amazon_order_id,customer_id,product_id,purchase_date,quantity,item_price,shipping_price,gift_wrap_price,item_tax,ship_service_level,ship_city,ship_state
AMZ-708-8652971-3473868,CUST_09958,PROD_637,2025-12-22T12:56:49Z,3,155.27,0.0,0.0,55.9,Standard,Houston,TX
AMZ-710-2096658-6863886,CUST_07487,PROD_044,2025-09-09T02:39:19Z,3,135.59,3.99,0.0,48.81,SecondDay,New York,NY
AMZ-871-3644485-1927735,CUST_09954,PROD_017,2025-12-02T15:30:01Z,2,22.89,0.0,0.0,5.49,Standard,Bangalore,KA
AMZ-320-9983795-4554726,CUST_09081,PROD_686,2025-11-23T14:58:42Z,1,97.98,3.99,0.0,11.76,Expedited,Houston,TX
AMZ-871-2632661-7886853,CUST_08053,PROD_530,2025-02-09T02:34:03Z,2,15.69,3.99,0.0,3.77,SecondDay,Mumbai,MH
AMZ-513-7500713-1332937,CUST_06274,PROD_541,2025-04-10T18:12:32Z,1,123.66,5.99,0.0,14.84,SecondDay,Houston,TX
AMZ-331-5346939-8413421,CUST_02691,PROD_805,2026-02-24T06:26:17Z,2,94.53,5.99,0.0,22.69,Expedited,Seattle,WA
AMZ-745-3864035-2662631,CUST_04319,PROD_238,2026-03-22T08:15:34Z,1,308.37,5.99,2.99,37.0,SecondDay,New York,NY
AMZ-365-6715160-4233819,CUST_05911,PROD_177,2026-05-09T15:56:54Z,3,118.43,0.0,0.0,42.63,Standard,Mumbai,MH
AMZ-908-9379832-7838496,CUST_05481,PROD_004,2026-01-14T15:22:17Z,3,14.97,5.99,2.99,5.39,SecondDay,Seattle,WA
AMZ-223-3791975-5033205,CUST_04790,PROD_467,2025-05-23T10:11:20Z,1,217.49,0.0,0.0,26.1,Standard,Seattle,WA
AMZ-484-1997737-7636306,CUST_07787,PROD_398,2025-11-07T08:39:50Z,1,179.52,0.0,2.99,21.54,Standard,Seattle,WA
AMZ-667-7862764-4322536,CUST_09994,PROD_233,2026-05-22T20:40:52Z,1,67.78,0.0,0.0,8.13,Standard,Delhi,DL
AMZ-191-7854416-6807429,CUST_00415,PROD_938,2026-05-22T09:41:17Z,3,86.02,0.0,0.0,30.97,SecondDay,Mumbai,MH
AMZ-897-9727393-5937545,CUST_06695,PROD_022,2026-05-28T16:58:35Z,2,229.55,3.99,0.0,55.09,Standard,Mumbai,MH
AMZ-337-3871668-2515537,CUST_05392,PROD_948,2025-07-10T20:00:48Z,2,188.32,3.99,0.0,45.2,SecondDay,Seattle,WA
AMZ-101-3516179-6806814,CUST_03954,PROD_917,2025-05-19T23:48:05Z,1,179.32,0.0,0.0,21.52,Standard,Seattle,WA
AMZ-410-3323114-1629264,CUST_07667,PROD_717,2026-02-25T19:23:54Z,3,39.79,0.0,0.0,14.32,Standard,Bangalore,KA
AMZ-155-7096900-5648426,CUST_00571,PROD_571,2026-04-09T23:13:54Z,1,209.5,5.99,0.0,25.14,Expedited,Bangalore,KA
AMZ-913-2920100-6234402,CUST_00259,PROD_718,2025-09-27T04:02:43Z,2,124.83,3.99,0.0,29.96,Expedited,Houston,TX
AMZ-184-6409654-4295253,CUST_09578,PROD_478,2025-07-19T05:23:56Z,3,150.82,5.99,2.99,54.3,SecondDay,Bangalore,KA
AMZ-529-2955532-4130527,CUST_02249,PROD_194,2025-05-04T22:00:22Z,1,116.43,0.0,0.0,13.97,Standard,Bangalore,KA
AMZ-523-4580383-2815556,CUST_04205,PROD_934,2026-01-01T10:27:10Z,2,278.02,0.0,0.0,66.72,Expedited,Delhi,DL
AMZ-438-9904866-6786130,CUST_05388,PROD_676,2026-05-06T15:32:25Z,1,133.28,5.99,2.99,15.99,Expedited,Delhi,DL
AMZ-417-3812602-3452948,CUST_04752,PROD_533,2025-08-09T16:52:18Z,3,54.07,0.0,0.0,19.47,Expedited,Seattle,WA
AMZ-112-5806911-6116717,CUST_08406,PROD_511,2025-07-31T02:15:54Z,3,239.38,0.0,2.99,86.18,Expedited,Seattle,WA
AMZ-952-3247154-6244567,CUST_03702,PROD_873,2026-02-22T02:12:35Z,1,216.84,3.99,2.99,26.02,SecondDay,Seattle,WA
AMZ-483-8997856-2094876,CUST_01879,PROD_304,2025-05-26T18:08:11Z,1,200.26,0.0,0.0,24.03,Standard,Mumbai,MH
AMZ-417-5099502-4361800,CUST_06980,PROD_943,2025-12-16T19:41:29Z,3,157.86,0.0,0.0,56.83,Standard,Houston,TX
AMZ-921-8881780-3838496,CUST_01483,PROD_715,2025-05-31T07:31:19Z,1,54.0,3.99,0.0,6.48,Standard,New York,NY
AMZ-780-1180364-8046889,CUST_08546,PROD_750,2025-07-02T15:59:34Z,2,205.8,5.99,0.0,49.39,Expedited,Houston,TX
AMZ-647-5848583-8608961,CUST_01457,PROD_821,2026-03-23T01:22:44Z,2,51.04,0.0,0.0,12.25,Standard,Mumbai,MH
AMZ-101-7813740-4395115,CUST_04654,PROD_106,2026-03-12T14:12:19Z,2,166.02,3.99,0.0,39.84,Expedited,Houston,TX
AMZ-903-5185396-4372151,CUST_05767,PROD_240,2025-03-07T06:09:26Z,3,248.15,3.99,0.0,89.33,SecondDay,New York,NY
AMZ-755-6478749-9215603,CUST_06964,PROD_778,2025-03-31T18:57:09Z,3,137.2,0.0,2.99,49.39,Standard,Bangalore,KA
AMZ-518-7238309-5598173,CUST_09267,PROD_778,2025-06-24T13:32:38Z,2,137.2,5.99,0.0,32.93,Expedited,New York,NY
AMZ-616-8453940-8228051,CUST_08895,PROD_251,2025-10-27T15:31:21Z,3,141.71,3.99,2.99,51.02,Expedited,Bangalore,KA
AMZ-524-9972503-5909628,CUST_01470,PROD_260,2025-03-22T17:06:37Z,3,239.15,3.99,0.0,86.09,Expedited,New York,NY
AMZ-748-8814522-9414202,CUST_09962,PROD_050,2025-12-18T21:33:54Z,3,44.14,5.99,0.0,15.89,SecondDay,Bangalore,KA
AMZ-528-5466866-4469622,CUST_03093,PROD_680,2025-12-28T00:04:41Z,3,128.27,5.99,0.0,46.18,SecondDay,Bangalore,KA
AMZ-153-9572224-4293501,CUST_00347,PROD_846,2026-04-06T21:43:27Z,1,312.23,5.99,0.0,37.47,SecondDay,Seattle,WA
AMZ-108-4198134-2420966,CUST_07973,PROD_490,2026-01-10T01:43:33Z,3,152.06,0.0,0.0,54.74,Expedited,Delhi,DL
AMZ-625-3359681-2170199,CUST_08787,PROD_336,2026-03-01T22:12:05Z,1,129.56,0.0,2.99,15.55,Standard,Seattle,WA
AMZ-879-3643913-4500579,CUST_09249,PROD_757,2026-04-29T08:43:56Z,2,231.45,0.0,2.99,55.55,SecondDay,New York,NY
AMZ-428-6996565-2300804,CUST_08874,PROD_524,2025-09-17T07:11:32Z,2,144.91,0.0,0.0,34.78,Standard,Houston,TX
AMZ-542-1003241-8848242,CUST_06657,PROD_320,2025-04-13T09:09:34Z,3,68.14,0.0,0.0,24.53,Standard,Delhi,DL
AMZ-849-4134948-4819971,CUST_07008,PROD_541,2025-10-07T15:01:32Z,3,123.66,5.99,0.0,44.52,Expedited,Seattle,WA
AMZ-583-6873083-7007316,CUST_00090,PROD_620,2026-06-14T19:24:37Z,1,117.28,3.99,0.0,14.07,Expedited,New York,NY
AMZ-802-2771161-2588171,CUST_01822,PROD_670,2025-08-06T05:33:12Z,1,197.09,0.0,0.0,23.65,SecondDay,Delhi,DL
AMZ-474-4724014-9194610,CUST_09275,PROD_314,2025-03-21T00:04:14Z,2,8.72,3.99,0.0,2.09,Expedited,Bangalore,KA
AMZ-101-3770874-3637647,CUST_07564,PROD_089,2025-04-12T15:24:39Z,3,134.92,0.0,2.99,48.57,Expedited,Seattle,WA
AMZ-673-8568832-7108141,CUST_09910,PROD_654,2026-05-17T17:44:45Z,2,110.38,0.0,2.99,26.49,Standard,New York,NY
AMZ-262-7956636-2674975,CUST_06532,PROD_387,2025-06-24T05:47:39Z,2,83.57,3.99,2.99,20.06,Standard,Houston,TX
AMZ-570-2434431-7326220,CUST_02694,PROD_548,2025-12-31T11:32:10Z,2,147.0,5.99,0.0,35.28,Expedited,Delhi,DL
AMZ-588-9701760-8947894,CUST_02200,PROD_398,2025-12-12T17:50:19Z,1,179.52,5.99,0.0,21.54,Expedited,Houston,TX
AMZ-949-8815208-1232530,CUST_00340,PROD_211,2026-04-24T20:55:52Z,1,157.21,0.0,2.99,18.87,Expedited,Delhi,DL
AMZ-469-5116709-9528270,CUST_02268,PROD_382,2025-05-17T01:20:11Z,1,260.32,0.0,0.0,31.24,Standard,Houston,TX
AMZ-142-4392273-9688067,CUST_00889,PROD_781,2026-04-22T16:07:06Z,2,103.31,5.99,2.99,24.79,Expedited,New York,NY
AMZ-164-8937447-2490101,CUST_04760,PROD_253,2025-02-01T22:38:09Z,3,186.19,0.0,0.0,67.03,Standard,New York,NY
AMZ-282-3739390-7911906,CUST_00843,PROD_237,2026-02-28T20:12:41Z,2,37.47,0.0,0.0,8.99,Standard,Mumbai,MH
AMZ-918-4191362-1336679,CUST_09273,PROD_979,2025-04-12T13:08:13Z,2,98.01,5.99,0.0,23.52,SecondDay,New York,NY
AMZ-881-2769839-8381668,CUST_08903,PROD_155,2026-03-30T12:42:19Z,2,103.59,5.99,0.0,24.86,SecondDay,Houston,TX
AMZ-556-3750192-6811322,CUST_07531,PROD_542,2026-04-20T16:02:03Z,3,116.94,0.0,0.0,42.1,SecondDay,Houston,TX
AMZ-279-1182111-6608301,CUST_07046,PROD_204,2025-10-29T12:00:08Z,1,7.88,0.0,0.0,0.95,Standard,Houston,TX
AMZ-884-6597849-2437145,CUST_02613,PROD_675,2025-04-27T17:06:52Z,2,74.02,5.99,0.0,17.76,SecondDay,Houston,TX
AMZ-273-8720716-3439389,CUST_08041,PROD_402,2025-08-16T02:22:11Z,2,139.41,0.0,0.0,33.46,Expedited,New York,NY
AMZ-501-6277367-6698636,CUST_07561,PROD_418,2025-07-06T20:54:09Z,1,278.94,0.0,0.0,33.47,SecondDay,Bangalore,KA
AMZ-342-4280477-4958166,CUST_03002,PROD_685,2026-03-20T09:35:46Z,1,150.32,5.99,0.0,18.04,SecondDay,Mumbai,MH
AMZ-255-1533511-2833785,CUST_02665,PROD_762,2026-01-18T05:39:51Z,3,76.8,5.99,0.0,27.65,Standard,Mumbai,MH
AMZ-962-8703094-4891075,CUST_00658,PROD_882,2026-05-22T16:06:14Z,2,26.38,3.99,0.0,6.33,Expedited,New York,NY
AMZ-914-9598201-7451935,CUST_02044,PROD_812,2026-05-10T06:15:21Z,2,96.21,3.99,0.0,23.09,SecondDay,Seattle,WA
AMZ-396-7192288-7242340,CUST_00338,PROD_388,2025-07-01T01:30:58Z,2,176.31,0.0,0.0,42.31,Expedited,New York,NY
AMZ-828-1907678-6757761,CUST_03479,PROD_665,2026-02-12T09:12:50Z,2,285.3,0.0,0.0,68.47,SecondDay,Delhi,DL
AMZ-861-2386886-9752808,CUST_09264,PROD_370,2026-04-06T09:46:09Z,1,180.7,0.0,0.0,21.68,SecondDay,Houston,TX
AMZ-232-2164433-2057279,CUST_07923,PROD_003,2025-02-08T04:43:43Z,1,145.45,5.99,0.0,17.45,Expedited,New York,NY
AMZ-124-3300040-9375601,CUST_09414,PROD_983,2025-09-17T09:45:40Z,1,148.23,5.99,0.0,17.79,SecondDay,Houston,TX
AMZ-519-9145291-8870815,CUST_06163,PROD_380,2025-12-13T09:46:58Z,2,235.15,0.0,0.0,56.44,Expedited,Seattle,WA
AMZ-298-3792787-8379355,CUST_04004,PROD_659,2025-12-23T13:36:17Z,2,75.32,5.99,0.0,18.08,Expedited,Bangalore,KA
AMZ-680-5148669-6704375,CUST_00459,PROD_535,2025-09-26T21:12:18Z,2,167.45,0.0,2.99,40.19,Standard,Houston,TX
AMZ-175-4033568-5280162,CUST_05374,PROD_819,2025-06-26T13:38:26Z,1,65.33,0.0,0.0,7.84,Standard,Delhi,DL
AMZ-631-5995123-6694514,CUST_02414,PROD_487,2026-04-14T14:05:02Z,3,174.36,5.99,0.0,62.77,SecondDay,Mumbai,MH
AMZ-466-8864504-9323274,CUST_04817,PROD_469,2025-08-11T09:16:11Z,1,263.13,5.99,0.0,31.58,SecondDay,New York,NY
AMZ-203-1697222-3089352,CUST_04611,PROD_121,2026-03-08T05:33:14Z,2,133.32,0.0,0.0,32.0,Expedited,Mumbai,MH
AMZ-897-4268754-6646587,CUST_03798,PROD_820,2026-04-25T14:17:37Z,3,163.85,3.99,2.99,58.99,Standard,Houston,TX
AMZ-189-9279989-8043349,CUST_00349,PROD_914,2026-05-24T09:43:00Z,2,61.6,0.0,2.99,14.78,SecondDay,Houston,TX
AMZ-241-4308554-6054454,CUST_06222,PROD_022,2025-07-01T08:42:03Z,2,229.55,5.99,0.0,55.09,Expedited,Seattle,WA
AMZ-713-8484964-2377682,CUST_09602,PROD_361,2026-04-09T03:27:21Z,3,14.55,3.99,0.0,5.24,Standard,Delhi,DL
AMZ-229-6877772-6058604,CUST_01239,PROD_680,2025-02-10T10:12:45Z,2,128.27,0.0,2.99,30.78,Standard,Bangalore,KA
AMZ-902-3872703-2638794,CUST_00262,PROD_430,2025-08-08T05:00:10Z,2,64.94,0.0,0.0,15.59,Standard,Bangalore,KA
AMZ-461-9813260-7635636,CUST_06964,PROD_845,2026-06-01T20:40:56Z,1,264.67,0.0,0.0,31.76,SecondDay,Seattle,WA
AMZ-512-3765255-1087296,CUST_01027,PROD_074,2025-09-21T12:37:09Z,3,37.44,0.0,0.0,13.48,SecondDay,Seattle,WA
AMZ-518-8389492-6556708,CUST_00569,PROD_746,2026-02-14T18:53:31Z,1,36.73,0.0,2.99,4.41,Standard,New York,NY
AMZ-345-7866727-3828078,CUST_01754,PROD_719,2025-02-05T21:36:10Z,1,200.44,0.0,2.99,24.05,Expedited,Bangalore,KA
AMZ-906-3704700-6318681,CUST_08113,PROD_759,2025-11-25T05:20:21Z,3,91.94,0.0,2.99,33.1,SecondDay,Houston,TX
AMZ-259-6317659-4965040,CUST_01724,PROD_572,2025-12-20T19:32:51Z,3,184.37,0.0,0.0,66.37,Standard,Mumbai,MH
AMZ-179-2689722-6774871,CUST_05686,PROD_448,2025-09-23T19:24:15Z,2,219.72,0.0,0.0,52.73,Expedited,Delhi,DL
AMZ-482-5342107-9904776,CUST_09797,PROD_172,2026-02-10T06:50:56Z,1,194.83,0.0,0.0,23.38,SecondDay,Mumbai,MH
AMZ-459-6406215-3124375,CUST_08939,PROD_888,2026-04-13T06:19:43Z,1,31.07,0.0,0.0,3.73,SecondDay,Delhi,DL
AMZ-747-2209499-6144927,CUST_08782,PROD_140,2025-07-28T16:26:16Z,2,137.28,3.99,0.0,32.95,SecondDay,Bangalore,KA
AMZ-477-6095466-3926009,CUST_07333,PROD_335,2026-01-24T17:57:11Z,3,165.48,3.99,0.0,59.57,SecondDay,Seattle,WA
AMZ-747-6583241-6024116,CUST_09222,PROD_502,2025-06-03T10:58:47Z,1,205.75,0.0,2.99,24.69,Expedited,Mumbai,MH
AMZ-992-3750887-6929054,CUST_09838,PROD_767,2026-02-10T13:36:35Z,1,179.76,0.0,0.0,21.57,Expedited,Delhi,DL
AMZ-994-4627074-9389317,CUST_09994,PROD_430,2026-05-28T10:22:25Z,1,64.94,3.99,0.0,7.79,Standard,New York,NY
AMZ-694-9390731-6179497,CUST_00269,PROD_286,2025-02-03T01:15:39Z,1,240.28,5.99,0.0,28.83,Standard,Seattle,WA
AMZ-364-6200528-6618188,CUST_00013,PROD_353,2025-12-14T22:17:48Z,1,147.48,0.0,0.0,17.7,Standard,Mumbai,MH
AMZ-540-5479258-3799257,CUST_09145,PROD_723,2026-01-19T01:33:20Z,1,105.54,3.99,0.0,12.66,Standard,Houston,TX
AMZ-539-2287348-2871723,CUST_00809,PROD_242,2026-03-10T03:45:36Z,2,252.26,0.0,0.0,60.54,Expedited,Mumbai,MH
AMZ-151-8199433-7760850,CUST_01253,PROD_269,2025-11-05T15:54:00Z,1,186.89,0.0,2.99,22.43,Expedited,Delhi,DL
AMZ-222-2705646-3309781,CUST_01515,PROD_144,2025-11-03T04:24:14Z,2,33.26,3.99,0.0,7.98,Expedited,New York,NY
AMZ-573-8195869-1768454,CUST_08424,PROD_738,2026-05-27T13:47:18Z,2,86.31,5.99,0.0,20.71,Standard,New York,NY
AMZ-511-7771435-7568607,CUST_06710,PROD_743,2025-10-03T08:47:04Z,2,112.21,0.0,2.99,26.93,Standard,Delhi,DL
AMZ-168-2308283-3493953,CUST_03849,PROD_509,2025-05-21T18:28:56Z,3,67.3,5.99,0.0,24.23,Expedited,Delhi,DL
AMZ-813-9894187-1662062,CUST_09610,PROD_700,2026-05-11T00:30:59Z,3,98.93,0.0,0.0,35.61,Expedited,Bangalore,KA
AMZ-689-4152988-5442910,CUST_04168,PROD_102,2025-11-01T17:03:37Z,2,90.41,0.0,0.0,21.7,Standard,Mumbai,MH
AMZ-344-4991516-5559661,CUST_00880,PROD_191,2026-02-11T06:31:45Z,2,85.93,0.0,0.0,20.62,SecondDay,Bangalore,KA
AMZ-283-7365954-5009956,CUST_06056,PROD_802,2025-05-01T09:41:54Z,3,211.78,5.99,0.0,76.24,Expedited,New York,NY
AMZ-389-8724808-1790827,CUST_08862,PROD_230,2025-11-15T06:44:22Z,1,65.35,5.99,2.99,7.84,Standard,Seattle,WA
AMZ-683-2249752-8203434,CUST_01729,PROD_159,2025-05-16T01:27:06Z,1,81.05,3.99,0.0,9.73,SecondDay,Mumbai,MH
AMZ-766-9514429-7712197,CUST_03411,PROD_645,2025-03-05T02:26:00Z,3,139.07,0.0,0.0,50.07,Standard,Seattle,WA
AMZ-469-5131083-5038744,CUST_05865,PROD_034,2025-06-09T00:51:07Z,2,236.18,0.0,2.99,56.68,SecondDay,Seattle,WA
AMZ-392-9722731-2134923,CUST_09888,PROD_589,2025-07-09T03:14:01Z,3,141.77,5.99,2.99,51.04,Expedited,Bangalore,KA
AMZ-648-7615487-5127737,CUST_02592,PROD_253,2026-01-24T16:46:32Z,2,186.19,3.99,0.0,44.69,Standard,Mumbai,MH
AMZ-744-6851551-2665489,CUST_03786,PROD_974,2026-01-26T23:46:36Z,2,96.37,3.99,0.0,23.13,Expedited,Delhi,DL
AMZ-959-5503458-8923697,CUST_04323,PROD_772,2026-06-10T10:14:54Z,1,66.79,0.0,0.0,8.01,SecondDay,Seattle,WA
AMZ-609-8862664-1590036,CUST_02472,PROD_427,2025-10-20T19:09:43Z,2,207.12,5.99,0.0,49.71,SecondDay,Bangalore,KA
AMZ-704-7283542-3494839,CUST_06629,PROD_651,2025-02-04T10:35:25Z,3,211.91,0.0,2.99,76.29,Standard,Houston,TX
AMZ-711-6211564-9158137,CUST_01836,PROD_140,2025-06-08T16:08:04Z,1,137.28,0.0,0.0,16.47,SecondDay,Bangalore,KA
AMZ-211-7870081-6959318,CUST_02675,PROD_663,2025-02-28T07:55:53Z,1,223.88,0.0,2.99,26.87,SecondDay,New York,NY
AMZ-627-1150627-5438634,CUST_04048,PROD_787,2025-06-04T02:02:49Z,2,150.49,5.99,0.0,36.12,SecondDay,Delhi,DL
AMZ-786-4306647-5698076,CUST_09009,PROD_551,2025-06-03T16:56:44Z,3,58.8,5.99,2.99,21.17,Standard,Bangalore,KA
AMZ-656-5989369-3857568,CUST_04398,PROD_241,2026-02-10T13:56:00Z,3,31.84,3.99,0.0,11.46,SecondDay,Delhi,DL
AMZ-386-2324592-7466578,CUST_02697,PROD_011,2025-12-10T01:55:53Z,1,318.95,3.99,0.0,38.27,SecondDay,Seattle,WA
AMZ-707-3455508-3943316,CUST_08148,PROD_142,2026-06-09T22:38:20Z,1,171.69,5.99,2.99,20.6,Standard,Houston,TX
AMZ-486-2985173-3493231,CUST_08782,PROD_036,2025-07-07T08:30:40Z,2,222.66,0.0,0.0,53.44,SecondDay,Seattle,WA
AMZ-847-4026767-3391819,CUST_04079,PROD_290,2025-11-02T00:18:10Z,1,282.02,3.99,0.0,33.84,Standard,Seattle,WA
AMZ-904-1571306-1276264,CUST_02340,PROD_295,2026-02-15T06:34:52Z,3,245.12,0.0,0.0,88.24,SecondDay,Delhi,DL
AMZ-949-5377341-9427933,CUST_08333,PROD_357,2025-12-10T17:28:54Z,1,65.79,0.0,0.0,7.89,Standard,Mumbai,MH
AMZ-388-9753593-8223918,CUST_03894,PROD_151,2025-09-05T09:35:17Z,2,45.66,3.99,0.0,10.96,Standard,Seattle,WA
AMZ-139-9091668-1507866,CUST_09427,PROD_468,2025-05-09T11:11:36Z,3,217.99,5.99,0.0,78.48,Expedited,Mumbai,MH
AMZ-965-2640550-7454812,CUST_06597,PROD_524,2025-04-23T10:05:58Z,1,144.91,0.0,0.0,17.39,Standard,Houston,TX
AMZ-174-2219973-5085237,CUST_04119,PROD_123,2025-02-26T07:01:38Z,1,283.63,3.99,0.0,34.04,Expedited,Mumbai,MH
AMZ-602-6817851-6162822,CUST_06340,PROD_225,2025-08-20T09:54:21Z,3,101.53,5.99,0.0,36.55,Standard,New York,NY
AMZ-250-9185316-6301044,CUST_04705,PROD_701,2025-09-01T03:32:57Z,3,40.14,0.0,0.0,14.45,Standard,Seattle,WA
AMZ-644-2128793-5198957,CUST_07357,PROD_762,2026-02-22T20:05:34Z,1,76.8,0.0,2.99,9.22,Expedited,Seattle,WA
AMZ-758-1171323-7570848,CUST_09062,PROD_340,2025-11-15T16:02:15Z,2,303.66,5.99,0.0,72.88,Expedited,Bangalore,KA
AMZ-298-5531568-2264686,CUST_01255,PROD_798,2025-08-26T14:11:48Z,3,226.72,5.99,0.0,81.62,Standard,Mumbai,MH
AMZ-288-7440931-6018507,CUST_00127,PROD_158,2025-06-27T14:48:58Z,2,119.43,5.99,2.99,28.66,Expedited,Houston,TX
AMZ-369-2308331-8577873,CUST_05690,PROD_762,2025-07-28T02:12:37Z,3,76.8,0.0,0.0,27.65,Expedited,Seattle,WA
AMZ-526-8175375-9891798,CUST_00671,PROD_980,2025-06-18T08:17:24Z,3,188.67,3.99,0.0,67.92,SecondDay,Bangalore,KA
AMZ-105-3459684-3992015,CUST_03655,PROD_571,2026-06-02T22:20:47Z,2,209.5,0.0,0.0,50.28,Standard,Mumbai,MH
AMZ-621-2352986-7253656,CUST_04715,PROD_497,2025-03-13T12:11:14Z,1,96.58,3.99,0.0,11.59,SecondDay,Delhi,DL
AMZ-917-6699975-2645039,CUST_00394,PROD_502,2026-04-15T16:30:57Z,1,205.75,0.0,0.0,24.69,SecondDay,Houston,TX
AMZ-449-1827522-9443482,CUST_00795,PROD_579,2026-03-12T15:29:29Z,1,132.0,0.0,0.0,15.84,Expedited,Houston,TX
AMZ-470-5021916-8479249,CUST_00256,PROD_206,2026-02-06T07:41:47Z,3,72.45,0.0,0.0,26.08,Standard,Delhi,DL
AMZ-445-8777143-6792607,CUST_00989,PROD_792,2025-08-19T01:34:17Z,3,59.18,3.99,0.0,21.3,SecondDay,Seattle,WA
AMZ-414-1304418-6991150,CUST_08781,PROD_013,2025-06-28T07:15:41Z,2,129.63,5.99,0.0,31.11,Standard,New York,NY
AMZ-217-3147311-6301281,CUST_00255,PROD_713,2026-04-22T03:05:49Z,1,151.31,3.99,0.0,18.16,SecondDay,Mumbai,MH
AMZ-828-3659493-4857453,CUST_04511,PROD_092,2025-09-06T03:51:58Z,3,235.82,3.99,0.0,84.9,Expedited,Delhi,DL
AMZ-357-8070415-6070461,CUST_00300,PROD_471,2025-05-23T02:34:32Z,2,179.6,0.0,0.0,43.1,SecondDay,Seattle,WA
AMZ-721-7638584-7556466,CUST_02839,PROD_967,2026-05-15T23:32:01Z,1,169.55,3.99,0.0,20.35,SecondDay,Delhi,DL
AMZ-772-5103401-6571452,CUST_02435,PROD_297,2025-06-05T20:46:27Z,1,122.05,3.99,0.0,14.65,Expedited,Mumbai,MH
AMZ-284-5497930-8768821,CUST_03926,PROD_856,2025-11-09T03:49:50Z,3,21.7,5.99,0.0,7.81,SecondDay,Houston,TX
AMZ-129-4917121-9231757,CUST_03468,PROD_474,2025-05-31T19:49:39Z,2,207.31,3.99,0.0,49.75,Standard,New York,NY
AMZ-934-2259354-3042636,CUST_09644,PROD_451,2025-02-23T10:08:07Z,3,254.9,3.99,0.0,91.76,SecondDay,Houston,TX
AMZ-390-2714359-6695629,CUST_05243,PROD_100,2025-07-21T07:41:29Z,2,46.36,3.99,0.0,11.13,Standard,Houston,TX
AMZ-549-5928775-8008055,CUST_09715,PROD_725,2026-06-14T20:24:54Z,2,124.85,5.99,0.0,29.96,Expedited,Houston,TX
AMZ-674-7120264-1902896,CUST_09900,PROD_123,2026-04-10T02:36:14Z,3,283.63,5.99,0.0,102.11,SecondDay,Delhi,DL
AMZ-752-8481146-5946017,CUST_06729,PROD_128,2025-12-27T04:15:51Z,3,111.02,3.99,0.0,39.97,SecondDay,Seattle,WA
AMZ-849-7212841-9457525,CUST_06990,PROD_825,2025-12-25T08:35:42Z,1,106.27,0.0,2.99,12.75,Expedited,Houston,TX
AMZ-101-2996143-9561348,CUST_04898,PROD_271,2025-07-26T08:36:39Z,1,54.32,0.0,2.99,6.52,Expedited,Bangalore,KA
AMZ-850-1573421-1113630,CUST_01467,PROD_343,2025-04-20T23:39:59Z,1,264.13,0.0,0.0,31.7,Expedited,New York,NY
AMZ-309-9141758-5345662,CUST_08205,PROD_200,2025-04-23T17:21:59Z,3,231.24,0.0,0.0,83.25,SecondDay,Delhi,DL
AMZ-558-4376385-7909004,CUST_03568,PROD_307,2025-10-28T03:59:42Z,1,43.32,5.99,0.0,5.2,SecondDay,Delhi,DL
AMZ-406-3576458-7293630,CUST_06653,PROD_361,2026-01-03T06:41:54Z,1,14.55,3.99,2.99,1.75,SecondDay,Bangalore,KA
AMZ-684-4662147-7514206,CUST_09456,PROD_288,2026-05-30T20:51:41Z,1,199.93,0.0,0.0,23.99,Standard,Houston,TX
AMZ-938-4021673-5445489,CUST_02197,PROD_176,2025-11-03T02:27:47Z,1,111.85,5.99,0.0,13.42,Expedited,Houston,TX
AMZ-509-9591362-1829443,CUST_01449,PROD_124,2025-09-16T16:05:12Z,3,23.62,3.99,0.0,8.5,Standard,Houston,TX
AMZ-288-9979750-7928496,CUST_05626,PROD_710,2025-07-16T20:48:15Z,3,110.83,3.99,2.99,39.9,Standard,Mumbai,MH
AMZ-596-8290464-9996863,CUST_08325,PROD_321,2026-02-28T18:27:21Z,2,12.04,5.99,0.0,2.89,SecondDay,Houston,TX
AMZ-597-9377824-7736774,CUST_07906,PROD_002,2026-03-18T04:57:21Z,3,96.56,0.0,0.0,34.76,SecondDay,Delhi,DL
AMZ-334-4654056-3921896,CUST_07144,PROD_266,2026-05-20T03:52:54Z,1,60.81,0.0,0.0,7.3,Expedited,Mumbai,MH
AMZ-538-9111313-1136010,CUST_09262,PROD_457,2026-03-13T02:29:27Z,1,57.86,5.99,0.0,6.94,SecondDay,Delhi,DL
AMZ-763-3051713-4560831,CUST_02334,PROD_400,2025-11-25T08:27:21Z,2,14.33,0.0,0.0,3.44,Expedited,Bangalore,KA
AMZ-303-9057741-9002176,CUST_04712,PROD_512,2025-12-26T10:30:48Z,1,191.9,3.99,0.0,23.03,Standard,Delhi,DL
AMZ-693-6928516-1562907,CUST_01062,PROD_034,2025-04-22T01:10:55Z,1,236.18,5.99,0.0,28.34,Standard,Delhi,DL
AMZ-589-8855153-4391790,CUST_09143,PROD_465,2026-06-09T22:35:13Z,3,142.74,0.0,0.0,51.39,Standard,Houston,TX
AMZ-188-4041980-9167233,CUST_00684,PROD_871,2026-05-15T07:08:26Z,2,73.52,0.0,0.0,17.64,Expedited,Delhi,DL
AMZ-776-1370627-7627006,CUST_04507,PROD_612,2025-08-13T09:28:46Z,2,232.42,0.0,2.99,55.78,SecondDay,Mumbai,MH
AMZ-316-3742311-9351639,CUST_04938,PROD_459,2025-06-15T05:12:08Z,1,160.83,0.0,0.0,19.3,SecondDay,Houston,TX
AMZ-190-9758358-3804088,CUST_05713,PROD_265,2025-03-19T16:58:43Z,3,93.56,5.99,0.0,33.68,Expedited,Seattle,WA
AMZ-510-6533732-3113281,CUST_04724,PROD_625,2025-09-18T00:16:43Z,3,177.56,0.0,0.0,63.92,Standard,Delhi,DL
AMZ-544-5814267-5173655,CUST_08976,PROD_763,2025-10-16T22:13:49Z,1,167.2,5.99,2.99,20.06,Standard,Seattle,WA
AMZ-319-8850337-8901357,CUST_05265,PROD_825,2025-11-01T22:03:27Z,3,106.27,0.0,0.0,38.26,SecondDay,Houston,TX
AMZ-985-3447175-1889749,CUST_09707,PROD_275,2025-08-31T06:34:16Z,1,205.38,3.99,0.0,24.65,Standard,Mumbai,MH
AMZ-273-4619405-1616559,CUST_09992,PROD_593,2025-06-19T04:32:55Z,3,12.21,3.99,0.0,4.4,SecondDay,Seattle,WA
AMZ-100-3889349-7142194,CUST_05838,PROD_188,2025-05-17T18:10:47Z,3,255.01,3.99,0.0,91.8,Standard,New York,NY
AMZ-634-9651665-2663923,CUST_04729,PROD_863,2025-11-01T07:43:13Z,2,222.72,0.0,0.0,53.45,Expedited,Delhi,DL
AMZ-332-4988497-3205008,CUST_01740,PROD_865,2026-04-24T21:39:08Z,1,187.66,5.99,2.99,22.52,Expedited,Houston,TX
AMZ-213-2604422-2735222,CUST_04166,PROD_316,2025-12-09T07:26:00Z,2,126.74,5.99,2.99,30.42,Standard,Mumbai,MH
AMZ-543-2601772-4571120,CUST_06160,PROD_672,2025-10-03T09:02:34Z,1,28.15,3.99,0.0,3.38,Expedited,Bangalore,KA
AMZ-926-2181893-4358237,CUST_06972,PROD_153,2025-08-27T22:09:38Z,1,63.94,0.0,0.0,7.67,SecondDay,Bangalore,KA
AMZ-794-2827614-6152995,CUST_00335,PROD_586,2025-02-27T10:29:12Z,3,272.14,3.99,2.99,97.97,Standard,New York,NY
AMZ-626-4466739-8706657,CUST_03549,PROD_470,2025-02-22T05:29:42Z,3,54.33,3.99,0.0,19.56,SecondDay,Mumbai,MH
AMZ-825-1783883-9187815,CUST_08356,PROD_109,2026-03-13T05:34:39Z,1,133.68,0.0,0.0,16.04,SecondDay,New York,NY
AMZ-918-6271034-6000693,CUST_08839,PROD_465,2025-08-07T20:36:56Z,2,142.74,3.99,0.0,34.26,SecondDay,Delhi,DL
AMZ-369-5813963-3696814,CUST_02288,PROD_865,2025-09-14T14:12:36Z,2,187.66,0.0,0.0,45.04,Expedited,Houston,TX
AMZ-240-2776116-4257951,CUST_05924,PROD_140,2026-04-22T20:29:08Z,3,137.28,0.0,2.99,49.42,SecondDay,Seattle,WA
AMZ-311-8370358-2035139,CUST_07402,PROD_535,2025-02-19T03:19:26Z,3,167.45,5.99,0.0,60.28,Standard,Bangalore,KA
AMZ-721-1512556-7890605,CUST_05211,PROD_559,2026-03-20T14:15:05Z,3,221.9,3.99,0.0,79.88,Standard,Delhi,DL
AMZ-784-5445312-1302416,CUST_07146,PROD_383,2025-11-08T08:10:59Z,1,55.15,3.99,0.0,6.62,Standard,Seattle,WA
AMZ-549-7629727-1887644,CUST_06368,PROD_537,2025-10-28T08:04:41Z,2,115.73,3.99,2.99,27.78,Expedited,Delhi,DL
AMZ-621-6295703-1480429,CUST_07642,PROD_436,2025-07-29T20:59:29Z,3,188.39,0.0,0.0,67.82,Standard,New York,NY
AMZ-137-7072409-8837570,CUST_08865,PROD_157,2025-02-04T06:15:15Z,1,64.19,3.99,0.0,7.7,Standard,Bangalore,KA
AMZ-622-9730891-4525970,CUST_07992,PROD_797,2025-07-22T21:58:32Z,3,142.08,5.99,0.0,51.15,Standard,Mumbai,MH
AMZ-812-1653799-9082733,CUST_05234,PROD_871,2025-09-03T09:31:02Z,3,73.52,0.0,0.0,26.47,Standard,New York,NY
AMZ-549-7801361-6956244,CUST_00349,PROD_246,2026-04-23T17:39:05Z,1,33.32,5.99,2.99,4.0,SecondDay,Delhi,DL
AMZ-271-5314046-8183892,CUST_04430,PROD_765,2025-05-11T13:49:55Z,3,148.22,0.0,0.0,53.36,Expedited,Seattle,WA
AMZ-233-3633541-8317517,CUST_00978,PROD_466,2026-02-24T13:02:24Z,1,92.68,3.99,0.0,11.12,SecondDay,New York,NY
AMZ-411-1518063-3109089,CUST_03490,PROD_655,2026-03-18T05:33:20Z,3,62.57,0.0,2.99,22.53,Expedited,Mumbai,MH
AMZ-391-5494113-4806786,CUST_03726,PROD_543,2026-06-02T08:01:03Z,1,38.04,0.0,2.99,4.56,Standard,Houston,TX
AMZ-295-5022291-6940871,CUST_08141,PROD_584,2026-05-03T07:19:43Z,1,230.61,3.99,0.0,27.67,Standard,Mumbai,MH
AMZ-104-2097394-2039284,CUST_02232,PROD_829,2025-07-08T07:01:13Z,2,89.76,3.99,2.99,21.54,Standard,Delhi,DL
AMZ-379-3052599-6795915,CUST_07802,PROD_804,2025-09-11T04:17:52Z,1,38.84,0.0,0.0,4.66,Expedited,Bangalore,KA
AMZ-733-6276541-2122864,CUST_02298,PROD_575,2025-08-08T15:50:39Z,2,188.37,0.0,0.0,45.21,Expedited,Mumbai,MH
AMZ-528-7098001-9884204,CUST_08100,PROD_431,2025-11-17T18:22:43Z,3,57.14,5.99,0.0,20.57,Standard,Mumbai,MH
AMZ-676-4440145-6140326,CUST_03470,PROD_781,2025-06-24T23:28:08Z,2,103.31,0.0,0.0,24.79,Expedited,Mumbai,MH
AMZ-938-9663473-5609279,CUST_01987,PROD_032,2025-10-21T14:24:45Z,1,100.89,0.0,0.0,12.11,Expedited,Houston,TX
AMZ-874-8683075-3435699,CUST_01274,PROD_965,2026-04-07T19:27:20Z,1,237.77,3.99,0.0,28.53,Standard,Seattle,WA
AMZ-255-6629776-4191387,CUST_04829,PROD_765,2025-09-26T05:44:32Z,1,148.22,0.0,0.0,17.79,SecondDay,Bangalore,KA
AMZ-532-5290996-3906340,CUST_05200,PROD_524,2025-02-25T05:48:07Z,2,144.91,5.99,2.99,34.78,Expedited,Mumbai,MH
AMZ-893-1006825-5079616,CUST_03892,PROD_804,2025-12-02T22:22:42Z,3,38.84,5.99,0.0,13.98,Standard,Delhi,DL
AMZ-259-3855806-9308224,CUST_04192,PROD_743,2025-08-21T08:48:20Z,1,112.21,3.99,2.99,13.47,Standard,Bangalore,KA
AMZ-396-8376233-2221605,CUST_05523,PROD_835,2025-06-03T02:56:08Z,2,129.35,3.99,2.99,31.04,Standard,Seattle,WA
AMZ-621-4952138-9631076,CUST_02262,PROD_337,2026-06-03T15:28:25Z,2,66.12,0.0,0.0,15.87,SecondDay,Seattle,WA
AMZ-949-8598301-6130222,CUST_06882,PROD_010,2025-08-15T21:41:02Z,2,232.16,5.99,2.99,55.72,Expedited,Bangalore,KA
AMZ-777-1986856-2968666,CUST_00081,PROD_592,2026-02-21T06:30:49Z,2,163.63,3.99,0.0,39.27,Standard,Seattle,WA
AMZ-738-9757479-8377766,CUST_08856,PROD_699,2025-06-13T23:53:04Z,1,170.51,3.99,2.99,20.46,SecondDay,New York,NY
AMZ-699-6252061-9791763,CUST_07905,PROD_711,2026-04-02T03:47:08Z,3,172.56,3.99,0.0,62.12,Expedited,New York,NY
AMZ-983-4513211-8383368,CUST_04573,PROD_186,2026-05-01T21:55:19Z,1,221.05,5.99,0.0,26.53,Standard,Bangalore,KA
AMZ-720-5466812-1391624,CUST_05457,PROD_567,2026-04-04T15:25:56Z,2,272.73,3.99,0.0,65.46,Standard,Mumbai,MH
AMZ-210-8156614-8011477,CUST_05674,PROD_687,2025-04-18T22:07:58Z,3,96.62,0.0,2.99,34.78,Standard,Bangalore,KA
AMZ-337-1641920-2033418,CUST_09327,PROD_156,2025-06-11T02:29:53Z,2,197.06,0.0,0.0,47.29,Standard,Houston,TX
AMZ-629-9335640-7832964,CUST_03487,PROD_202,2025-06-21T17:50:24Z,2,273.72,0.0,0.0,65.69,Expedited,Delhi,DL
AMZ-813-3304894-8949376,CUST_08044,PROD_387,2025-05-20T06:38:31Z,1,83.57,5.99,0.0,10.03,Expedited,Seattle,WA
AMZ-290-7615038-8660420,CUST_09027,PROD_485,2025-02-07T10:59:52Z,1,107.19,0.0,2.99,12.86,Expedited,New York,NY
AMZ-334-9984696-6481557,CUST_02986,PROD_187,2026-02-01T04:00:02Z,2,171.29,0.0,0.0,41.11,Expedited,Mumbai,MH
AMZ-416-7762103-3750999,CUST_01490,PROD_092,2026-03-01T19:13:00Z,2,235.82,0.0,0.0,56.6,Expedited,Houston,TX
AMZ-535-3476969-2607911,CUST_09428,PROD_493,2025-10-04T12:53:45Z,2,92.7,0.0,0.0,22.25,SecondDay,Houston,TX
AMZ-265-7642420-1377636,CUST_00421,PROD_313,2025-10-06T19:51:10Z,2,140.85,3.99,0.0,33.8,Standard,New York,NY
AMZ-650-3349074-2414195,CUST_06618,PROD_717,2026-03-24T09:18:40Z,3,39.79,0.0,0.0,14.32,SecondDay,Seattle,WA
AMZ-505-9053162-8833372,CUST_08833,PROD_879,2026-03-31T02:27:10Z,3,67.75,0.0,0.0,24.39,Standard,Bangalore,KA
AMZ-679-3134283-1203051,CUST_07768,PROD_111,2026-02-02T20:44:17Z,3,70.85,0.0,0.0,25.51,SecondDay,Delhi,DL
AMZ-154-7182839-3946977,CUST_08482,PROD_649,2026-01-12T15:53:11Z,1,117.37,5.99,0.0,14.08,SecondDay,Delhi,DL
AMZ-136-6258086-2964741,CUST_04141,PROD_556,2025-08-29T02:46:01Z,2,177.27,5.99,0.0,42.54,Expedited,Delhi,DL
AMZ-932-1219845-2558755,CUST_05754,PROD_246,2025-11-17T08:48:24Z,3,33.32,0.0,2.99,12.0,SecondDay,New York,NY
AMZ-472-1818997-4405023,CUST_05622,PROD_868,2026-04-03T08:40:08Z,1,203.35,0.0,0.0,24.4,Expedited,New York,NY
AMZ-718-1753122-1535475,CUST_05177,PROD_498,2025-03-19T14:30:24Z,3,108.39,3.99,0.0,39.02,SecondDay,Delhi,DL
AMZ-280-7575448-2082578,CUST_05349,PROD_786,2025-12-23T21:08:48Z,1,161.8,5.99,0.0,19.42,SecondDay,Houston,TX
AMZ-797-4036633-4169026,CUST_08895,PROD_187,2026-01-19T19:02:02Z,1,171.29,0.0,0.0,20.55,Standard,Houston,TX
AMZ-700-4710059-9075987,CUST_08009,PROD_867,2025-06-11T03:26:40Z,3,16.31,0.0,2.99,5.87,SecondDay,Mumbai,MH
AMZ-908-4591557-3665951,CUST_08932,PROD_724,2025-09-18T14:32:42Z,1,111.96,5.99,0.0,13.44,Standard,Seattle,WA
AMZ-975-6336097-4517844,CUST_06688,PROD_935,2025-02-03T17:16:30Z,3,225.93,5.99,2.99,81.33,Expedited,Seattle,WA
AMZ-196-2921155-8614576,CUST_09453,PROD_788,2026-03-14T02:18:13Z,1,161.35,0.0,0.0,19.36,Standard,Delhi,DL
AMZ-998-5475177-4694086,CUST_06186,PROD_138,2026-05-22T19:25:19Z,3,169.43,0.0,0.0,60.99,Standard,Delhi,DL
AMZ-727-5892683-4095182,CUST_07656,PROD_159,2026-03-05T05:55:39Z,3,81.05,0.0,2.99,29.18,SecondDay,Seattle,WA
AMZ-239-2722234-3261914,CUST_03654,PROD_987,2025-02-26T10:47:15Z,2,138.12,5.99,0.0,33.15,Standard,Delhi,DL
AMZ-582-8206260-9712052,CUST_01740,PROD_228,2025-11-10T17:24:02Z,3,206.63,0.0,0.0,74.39,SecondDay,Houston,TX
AMZ-618-1334470-4578671,CUST_01008,PROD_529,2025-10-07T03:32:23Z,3,34.24,5.99,0.0,12.33,Standard,Seattle,WA
AMZ-989-3774019-5318426,CUST_05704,PROD_932,2025-09-13T03:05:35Z,1,116.04,3.99,0.0,13.92,SecondDay,Mumbai,MH
AMZ-305-6524386-4157477,CUST_05909,PROD_278,2025-08-01T15:48:20Z,3,46.85,0.0,2.99,16.87,Expedited,Mumbai,MH
AMZ-744-8613792-6632334,CUST_03266,PROD_621,2026-03-09T08:22:48Z,3,84.01,5.99,0.0,30.24,Standard,New York,NY
AMZ-182-3236357-5550396,CUST_07540,PROD_004,2025-07-13T15:58:16Z,1,14.97,0.0,0.0,1.8,Standard,Bangalore,KA
AMZ-777-4429537-5951947,CUST_01565,PROD_105,2026-05-15T22:21:57Z,1,52.87,0.0,0.0,6.34,Expedited,Seattle,WA
AMZ-258-7659930-4551483,CUST_05839,PROD_086,2026-06-15T07:35:16Z,2,239.78,0.0,2.99,57.55,Expedited,Seattle,WA
AMZ-842-3038107-7137679,CUST_07812,PROD_807,2025-05-29T06:54:21Z,2,96.09,0.0,0.0,23.06,SecondDay,Delhi,DL
AMZ-180-3563573-2083441,CUST_05981,PROD_229,2025-05-03T09:51:12Z,2,129.8,3.99,0.0,31.15,SecondDay,Delhi,DL
AMZ-804-7807154-3540204,CUST_04049,PROD_758,2025-10-04T20:02:48Z,3,112.32,5.99,2.99,40.44,SecondDay,Delhi,DL
AMZ-754-1763691-6109531,CUST_04466,PROD_474,2025-09-20T18:34:15Z,3,207.31,0.0,2.99,74.63,Expedited,Bangalore,KA
AMZ-685-2645562-6213543,CUST_01538,PROD_721,2026-05-03T06:14:22Z,1,220.49,0.0,0.0,26.46,Expedited,Bangalore,KA
AMZ-308-7152516-2344943,CUST_07972,PROD_915,2025-11-05T10:39:10Z,2,179.22,0.0,0.0,43.01,Expedited,Bangalore,KA
AMZ-808-2869075-9760815,CUST_00252,PROD_002,2025-11-26T07:07:49Z,2,96.56,3.99,0.0,23.17,Standard,Delhi,DL
AMZ-495-3065038-8401541,CUST_07705,PROD_873,2025-11-11T06:38:01Z,2,216.84,5.99,0.0,52.04,SecondDay,Bangalore,KA
AMZ-530-5818638-2054986,CUST_00252,PROD_304,2025-12-11T17:45:29Z,3,200.26,5.99,0.0,72.09,SecondDay,Bangalore,KA
AMZ-647-9356061-9733032,CUST_08036,PROD_676,2026-05-25T15:32:18Z,3,133.28,5.99,2.99,47.98,SecondDay,Delhi,DL
AMZ-173-6405190-8759590,CUST_01814,PROD_718,2025-06-11T03:03:31Z,2,124.83,0.0,2.99,29.96,SecondDay,Seattle,WA
AMZ-226-3773666-1258818,CUST_07033,PROD_631,2025-11-29T23:57:20Z,2,47.47,0.0,0.0,11.39,SecondDay,Bangalore,KA
AMZ-136-3724192-3984318,CUST_00829,PROD_294,2025-11-11T20:09:00Z,3,29.8,5.99,0.0,10.73,Expedited,Delhi,DL
AMZ-750-8357597-6500308,CUST_09944,PROD_880,2025-10-26T21:38:17Z,3,28.41,3.99,0.0,10.23,Standard,Delhi,DL
AMZ-548-9032285-3798284,CUST_05616,PROD_763,2026-01-20T16:48:55Z,3,167.2,0.0,2.99,60.19,SecondDay,New York,NY
AMZ-751-3694750-6548236,CUST_06045,PROD_948,2025-10-12T23:50:22Z,3,188.32,0.0,0.0,67.8,SecondDay,New York,NY
AMZ-975-6020155-3010151,CUST_09511,PROD_800,2026-05-24T16:23:45Z,2,160.84,0.0,0.0,38.6,Expedited,Houston,TX
AMZ-469-7133917-4800352,CUST_04642,PROD_384,2025-12-28T03:02:28Z,1,82.83,0.0,2.99,9.94,Standard,Mumbai,MH
AMZ-551-6418684-5241398,CUST_01068,PROD_162,2025-03-07T21:41:06Z,1,171.92,5.99,0.0,20.63,SecondDay,Mumbai,MH
AMZ-594-1934705-1190071,CUST_09840,PROD_312,2026-02-16T18:22:51Z,3,18.86,0.0,0.0,6.79,SecondDay,New York,NY
AMZ-652-6314842-4350602,CUST_02813,PROD_125,2025-11-24T15:32:25Z,2,223.58,0.0,0.0,53.66,SecondDay,Delhi,DL
AMZ-220-2810498-8151776,CUST_09279,PROD_182,2026-05-18T19:21:19Z,2,136.02,3.99,2.99,32.64,SecondDay,Delhi,DL
AMZ-557-2595944-5366580,CUST_05291,PROD_471,2026-04-28T23:07:03Z,3,179.6,0.0,0.0,64.66,SecondDay,Delhi,DL
AMZ-423-7730486-2125110,CUST_05274,PROD_805,2025-05-01T04:40:44Z,3,94.53,0.0,0.0,34.03,Expedited,Houston,TX
AMZ-199-2524774-2201498,CUST_04687,PROD_785,2025-02-03T10:44:18Z,2,226.38,3.99,2.99,54.33,Standard,Bangalore,KA
AMZ-315-3086399-5721134,CUST_01744,PROD_523,2025-10-07T18:18:16Z,2,248.26,0.0,2.99,59.58,Standard,New York,NY
AMZ-351-4612120-1661105,CUST_08544,PROD_696,2025-05-11T15:40:30Z,1,168.53,3.99,2.99,20.22,Expedited,Houston,TX
AMZ-270-3657543-8191235,CUST_02356,PROD_372,2026-05-23T16:31:27Z,3,70.06,0.0,2.99,25.22,SecondDay,Houston,TX
AMZ-295-3912175-8507151,CUST_00042,PROD_988,2025-06-21T14:07:13Z,3,124.21,3.99,2.99,44.72,Expedited,Seattle,WA
AMZ-668-4850833-3700757,CUST_04771,PROD_817,2026-05-30T01:03:28Z,1,266.96,0.0,2.99,32.04,SecondDay,Delhi,DL
AMZ-948-3274508-3901232,CUST_00219,PROD_333,2025-10-17T02:05:05Z,2,206.74,0.0,0.0,49.62,Expedited,Bangalore,KA
AMZ-261-7080387-6574377,CUST_04242,PROD_902,2026-03-21T15:22:07Z,3,185.76,0.0,0.0,66.87,SecondDay,Houston,TX
AMZ-244-2918092-9648974,CUST_08747,PROD_884,2026-04-04T17:00:46Z,3,52.17,0.0,0.0,18.78,SecondDay,Delhi,DL
AMZ-832-3832237-9668869,CUST_06982,PROD_352,2025-05-11T01:38:41Z,3,133.54,0.0,0.0,48.07,Standard,New York,NY
AMZ-543-3691778-6917938,CUST_05049,PROD_252,2025-12-24T19:47:15Z,1,54.92,0.0,0.0,6.59,SecondDay,Delhi,DL
AMZ-465-7103585-3772146,CUST_07825,PROD_949,2026-05-17T13:50:15Z,3,29.12,0.0,0.0,10.48,Standard,Bangalore,KA
AMZ-817-4149498-7157013,CUST_04179,PROD_309,2025-06-03T05:05:59Z,1,102.15,5.99,0.0,12.26,SecondDay,Houston,TX
AMZ-872-8362030-5114592,CUST_08119,PROD_711,2025-04-02T04:42:14Z,1,172.56,5.99,0.0,20.71,Expedited,Seattle,WA
AMZ-712-6369770-5832402,CUST_08506,PROD_133,2025-07-12T14:47:14Z,1,137.62,5.99,0.0,16.51,Standard,Mumbai,MH
AMZ-973-5375219-9656716,CUST_01632,PROD_627,2025-03-14T17:45:59Z,3,19.78,5.99,0.0,7.12,Expedited,Mumbai,MH
AMZ-826-2550146-7641533,CUST_01034,PROD_382,2026-06-08T01:42:41Z,3,260.32,5.99,2.99,93.72,SecondDay,Houston,TX
AMZ-289-9496567-7957759,CUST_01359,PROD_809,2025-11-03T22:14:41Z,3,154.3,3.99,0.0,55.55,Expedited,Mumbai,MH
AMZ-399-9671141-2988871,CUST_06252,PROD_146,2025-05-01T11:15:25Z,3,267.78,0.0,0.0,96.4,Standard,Seattle,WA
AMZ-375-4167137-8854659,CUST_03339,PROD_123,2026-02-18T15:07:32Z,3,283.63,3.99,2.99,102.11,Standard,Seattle,WA
AMZ-953-5284184-7848520,CUST_08108,PROD_118,2025-09-24T23:57:05Z,2,281.89,3.99,0.0,67.65,Standard,Bangalore,KA
AMZ-276-5490834-4869174,CUST_08622,PROD_560,2025-08-15T18:46:42Z,2,19.3,0.0,2.99,4.63,Standard,Bangalore,KA
AMZ-908-5698188-3725480,CUST_02578,PROD_158,2025-07-09T02:32:29Z,3,119.43,3.99,2.99,42.99,SecondDay,Delhi,DL
AMZ-967-2659667-5363750,CUST_04918,PROD_748,2025-09-21T23:10:06Z,2,39.63,0.0,0.0,9.51,Expedited,Delhi,DL
AMZ-353-4064387-8130529,CUST_08893,PROD_501,2025-06-27T00:52:30Z,3,182.1,3.99,0.0,65.56,Standard,Houston,TX
AMZ-478-6002104-5367269,CUST_00721,PROD_278,2025-11-11T07:44:42Z,1,46.85,0.0,2.99,5.62,Standard,Mumbai,MH
AMZ-500-5285208-2125386,CUST_08882,PROD_710,2025-08-01T15:34:12Z,3,110.83,3.99,0.0,39.9,Standard,Bangalore,KA
AMZ-413-3495917-4166705,CUST_05296,PROD_059,2025-05-31T12:29:35Z,2,66.28,0.0,0.0,15.91,Expedited,Mumbai,MH
AMZ-185-2342232-1724003,CUST_09531,PROD_134,2026-06-10T14:17:40Z,3,140.17,0.0,0.0,50.46,Expedited,Houston,TX
AMZ-961-7322670-8189126,CUST_08425,PROD_639,2026-03-24T13:03:40Z,2,200.85,0.0,0.0,48.2,Expedited,Delhi,DL
AMZ-897-9009462-1670503,CUST_06554,PROD_262,2026-04-09T11:19:33Z,3,214.8,0.0,0.0,77.33,SecondDay,Houston,TX
AMZ-870-3960945-1166294,CUST_09259,PROD_263,2025-05-20T16:14:38Z,2,191.1,5.99,0.0,45.86,Expedited,New York,NY
AMZ-853-3602779-9148091,CUST_05754,PROD_763,2025-09-13T08:47:56Z,1,167.2,5.99,2.99,20.06,SecondDay,Seattle,WA
AMZ-785-6344386-6786778,CUST_07409,PROD_899,2025-03-09T18:49:32Z,3,15.22,0.0,0.0,5.48,Standard,New York,NY
AMZ-426-9941667-2581172,CUST_09564,PROD_327,2025-09-28T05:33:15Z,3,262.4,5.99,0.0,94.46,SecondDay,Bangalore,KA
AMZ-850-9828329-7330473,CUST_09183,PROD_064,2025-07-22T14:17:17Z,2,64.55,0.0,2.99,15.49,Expedited,Delhi,DL
AMZ-372-8393356-8466252,CUST_08638,PROD_522,2026-06-14T18:30:10Z,1,72.92,3.99,0.0,8.75,Expedited,Seattle,WA
AMZ-299-6423171-1022027,CUST_00888,PROD_748,2025-11-05T22:45:06Z,2,39.63,0.0,0.0,9.51,Standard,Delhi,DL
AMZ-504-4928450-3416561,CUST_00671,PROD_525,2025-03-29T08:37:20Z,2,12.28,5.99,0.0,2.95,Standard,Seattle,WA
AMZ-325-6405144-4749155,CUST_05663,PROD_364,2026-04-07T18:57:21Z,2,276.21,0.0,0.0,66.29,SecondDay,Mumbai,MH
AMZ-997-2990569-8759139,CUST_04375,PROD_344,2026-02-14T03:14:50Z,1,145.97,0.0,0.0,17.52,SecondDay,Bangalore,KA
AMZ-928-3170723-7621827,CUST_03532,PROD_813,2025-10-05T05:57:50Z,3,135.83,0.0,2.99,48.9,Expedited,Delhi,DL
AMZ-972-1539304-6520004,CUST_04894,PROD_847,2025-06-26T08:59:14Z,2,214.57,3.99,0.0,51.5,Expedited,Bangalore,KA
AMZ-237-5137892-9788795,CUST_00863,PROD_704,2026-04-02T19:36:21Z,1,176.51,5.99,0.0,21.18,SecondDay,New York,NY
AMZ-156-9773068-2509270,CUST_03616,PROD_269,2025-05-18T10:20:17Z,3,186.89,0.0,2.99,67.28,Expedited,Houston,TX
AMZ-343-6482862-1908499,CUST_04825,PROD_721,2025-11-11T05:37:02Z,2,220.49,0.0,0.0,52.92,Expedited,Mumbai,MH
AMZ-647-9101437-5891624,CUST_06069,PROD_805,2025-03-22T23:46:53Z,1,94.53,5.99,2.99,11.34,Standard,Delhi,DL
AMZ-541-7046962-9638316,CUST_04062,PROD_652,2025-08-06T05:24:04Z,1,37.33,0.0,0.0,4.48,Standard,Mumbai,MH
AMZ-843-3334593-1373195,CUST_04066,PROD_422,2025-08-20T05:15:16Z,3,176.53,5.99,0.0,63.55,Expedited,Mumbai,MH
AMZ-595-8168453-4017985,CUST_05857,PROD_442,2025-12-05T20:43:33Z,3,125.69,0.0,2.99,45.25,Standard,Mumbai,MH
AMZ-419-9561131-4115200,CUST_08464,PROD_256,2025-11-20T15:05:31Z,1,171.24,0.0,0.0,20.55,SecondDay,Houston,TX
AMZ-333-2923752-9508874,CUST_02603,PROD_227,2025-12-31T00:57:16Z,2,249.33,5.99,0.0,59.84,Standard,New York,NY
AMZ-166-5922571-3434845,CUST_08061,PROD_383,2026-06-03T14:00:32Z,2,55.15,3.99,0.0,13.24,Standard,Delhi,DL
AMZ-402-6012509-3759225,CUST_05727,PROD_936,2025-12-24T18:05:21Z,1,165.98,3.99,0.0,19.92,Standard,Mumbai,MH
AMZ-793-6678982-1081595,CUST_01623,PROD_405,2025-04-28T22:29:47Z,3,65.98,3.99,2.99,23.75,SecondDay,New York,NY
AMZ-194-7631794-4547758,CUST_02582,PROD_172,2026-06-07T00:08:57Z,3,194.83,5.99,0.0,70.14,Expedited,Houston,TX
AMZ-384-1303183-7441144,CUST_03502,PROD_931,2026-01-27T07:04:06Z,1,182.26,3.99,2.99,21.87,Expedited,Bangalore,KA
AMZ-884-3573728-2212044,CUST_04973,PROD_001,2025-10-24T07:46:03Z,2,149.79,5.99,0.0,35.95,Expedited,Seattle,WA
AMZ-648-8658245-9088390,CUST_09298,PROD_005,2026-04-15T21:24:49Z,2,113.19,5.99,0.0,27.17,Standard,Seattle,WA
AMZ-830-4043339-6839676,CUST_05686,PROD_404,2025-03-31T20:46:32Z,3,130.02,0.0,0.0,46.81,SecondDay,New York,NY
AMZ-181-4481604-9572227,CUST_02418,PROD_044,2025-05-10T17:18:45Z,1,135.59,5.99,2.99,16.27,Standard,Bangalore,KA
AMZ-362-9840022-7651959,CUST_05675,PROD_722,2025-06-14T05:54:11Z,3,217.95,0.0,0.0,78.46,SecondDay,Seattle,WA
AMZ-533-6557982-3957386,CUST_05060,PROD_814,2025-09-21T07:17:35Z,1,292.35,5.99,0.0,35.08,Standard,Seattle,WA
AMZ-574-5855716-2517736,CUST_05128,PROD_615,2026-03-30T03:56:06Z,1,215.75,0.0,0.0,25.89,SecondDay,Seattle,WA
AMZ-401-4872809-4867824,CUST_00527,PROD_848,2025-03-28T12:30:05Z,3,127.6,0.0,2.99,45.94,Expedited,Seattle,WA
AMZ-238-2345327-8336197,CUST_08952,PROD_642,2026-04-06T20:10:54Z,1,188.29,0.0,2.99,22.59,Standard,Bangalore,KA
AMZ-497-4661565-3459057,CUST_07178,PROD_767,2026-03-23T00:28:07Z,2,179.76,5.99,0.0,43.14,Standard,Mumbai,MH
AMZ-664-3804919-9777056,CUST_02941,PROD_079,2025-02-20T01:16:54Z,2,182.6,0.0,0.0,43.82,Standard,Mumbai,MH
AMZ-273-6904505-9283817,CUST_00293,PROD_620,2025-03-14T13:39:09Z,1,117.28,0.0,0.0,14.07,Standard,Mumbai,MH
AMZ-658-8468848-7977928,CUST_09019,PROD_571,2025-10-02T20:53:07Z,1,209.5,0.0,0.0,25.14,SecondDay,Seattle,WA
AMZ-790-8747788-5166458,CUST_08512,PROD_013,2026-01-19T08:40:06Z,1,129.63,3.99,0.0,15.56,SecondDay,Mumbai,MH
AMZ-974-6766484-2535334,CUST_05590,PROD_640,2025-03-24T06:24:15Z,2,173.6,5.99,0.0,41.66,SecondDay,Delhi,DL
AMZ-668-6909194-8873365,CUST_00485,PROD_825,2026-01-30T10:19:30Z,3,106.27,3.99,0.0,38.26,Standard,Bangalore,KA
AMZ-132-3857480-3942015,CUST_06702,PROD_483,2025-06-30T01:03:33Z,3,112.66,0.0,0.0,40.56,Standard,New York,NY
AMZ-398-3198546-2672488,CUST_06574,PROD_710,2026-01-31T22:07:58Z,1,110.83,0.0,0.0,13.3,Expedited,Mumbai,MH
AMZ-313-6404795-7833826,CUST_04571,PROD_277,2026-01-19T16:24:37Z,2,203.3,5.99,2.99,48.79,Standard,Mumbai,MH
AMZ-109-5175051-2375307,CUST_07911,PROD_161,2026-01-21T10:26:04Z,3,57.5,5.99,0.0,20.7,SecondDay,Bangalore,KA
AMZ-344-4849730-8361023,CUST_07252,PROD_788,2025-09-06T08:23:44Z,2,161.35,5.99,0.0,38.72,Standard,New York,NY
AMZ-741-7560490-2947587,CUST_04939,PROD_771,2026-02-11T04:53:56Z,1,104.74,3.99,0.0,12.57,SecondDay,New York,NY
AMZ-423-8838649-2913877,CUST_08703,PROD_552,2025-10-12T05:17:51Z,3,65.94,0.0,2.99,23.74,Standard,Seattle,WA
AMZ-199-4566549-7894112,CUST_04309,PROD_439,2025-08-30T06:57:04Z,3,235.08,0.0,0.0,84.63,Expedited,Delhi,DL
AMZ-336-3337796-1721190,CUST_07056,PROD_083,2026-05-29T12:07:54Z,2,191.25,0.0,0.0,45.9,Standard,Bangalore,KA
AMZ-705-9434349-5218192,CUST_01144,PROD_130,2025-07-28T19:59:55Z,1,60.55,3.99,0.0,7.27,Standard,Delhi,DL
AMZ-641-4410118-5504693,CUST_09317,PROD_599,2026-01-18T10:11:11Z,1,241.32,3.99,0.0,28.96,SecondDay,Bangalore,KA
AMZ-199-4353191-2003296,CUST_01953,PROD_799,2025-04-01T06:17:14Z,3,76.42,3.99,0.0,27.51,Standard,Bangalore,KA
AMZ-399-3758594-7417560,CUST_07121,PROD_518,2025-12-09T09:59:23Z,3,107.25,5.99,0.0,38.61,Standard,Seattle,WA
AMZ-301-9268548-7472430,CUST_00849,PROD_538,2025-09-13T23:07:27Z,2,143.39,0.0,2.99,34.41,Expedited,Seattle,WA
AMZ-360-4361600-4702828,CUST_00053,PROD_425,2026-02-22T08:42:20Z,2,152.39,3.99,0.0,36.57,Standard,Houston,TX
AMZ-513-7317002-7329385,CUST_07447,PROD_961,2026-05-14T00:49:26Z,1,79.07,0.0,0.0,9.49,Expedited,Delhi,DL
AMZ-367-3571888-3159141,CUST_05880,PROD_064,2025-06-29T09:35:21Z,1,64.55,5.99,0.0,7.75,SecondDay,Bangalore,KA
AMZ-155-1562289-2990000,CUST_07574,PROD_897,2026-05-23T15:57:24Z,2,117.99,0.0,2.99,28.32,SecondDay,Bangalore,KA
AMZ-448-7365346-1909763,CUST_07932,PROD_161,2025-03-27T10:22:34Z,1,57.5,0.0,0.0,6.9,Expedited,New York,NY
AMZ-595-6914323-2429076,CUST_08277,PROD_545,2025-06-22T16:02:53Z,2,174.76,0.0,0.0,41.94,Expedited,Delhi,DL
AMZ-198-8422985-3584194,CUST_08689,PROD_450,2025-09-07T00:55:29Z,3,216.94,5.99,0.0,78.1,Expedited,Bangalore,KA
AMZ-300-3032875-2106346,CUST_03415,PROD_536,2025-10-07T17:41:00Z,1,149.3,0.0,0.0,17.92,SecondDay,Bangalore,KA
AMZ-446-6793248-4846638,CUST_08956,PROD_410,2026-03-09T21:05:43Z,3,68.16,5.99,0.0,24.54,Standard,Bangalore,KA
AMZ-702-9240999-6944783,CUST_09888,PROD_692,2025-03-05T22:08:06Z,1,102.36,3.99,0.0,12.28,SecondDay,Bangalore,KA
AMZ-997-9093383-7158433,CUST_00921,PROD_162,2026-03-20T05:24:19Z,1,171.92,5.99,0.0,20.63,Expedited,Delhi,DL
AMZ-427-8914804-8745747,CUST_09489,PROD_383,2025-09-06T17:54:53Z,1,55.15,3.99,2.99,6.62,Expedited,Delhi,DL
AMZ-126-5593510-4849567,CUST_05959,PROD_917,2026-02-13T21:26:15Z,2,179.32,3.99,2.99,43.04,Standard,New York,NY
AMZ-977-1938926-4500390,CUST_02351,PROD_884,2025-03-03T11:33:06Z,3,52.17,3.99,0.0,18.78,Standard,Mumbai,MH
AMZ-538-4086336-4982974,CUST_02325,PROD_874,2026-01-03T02:18:33Z,2,46.98,0.0,2.99,11.28,SecondDay,Houston,TX
AMZ-790-9568697-1701082,CUST_09061,PROD_261,2025-07-03T22:35:33Z,3,58.39,5.99,0.0,21.02,Expedited,Seattle,WA
AMZ-662-1084695-5448484,CUST_02350,PROD_760,2026-04-08T21:27:49Z,3,77.7,3.99,2.99,27.97,Expedited,Houston,TX
AMZ-810-4942396-7414265,CUST_05016,PROD_896,2026-02-15T13:36:50Z,3,108.58,0.0,0.0,39.09,Expedited,New York,NY
AMZ-483-3098702-1225539,CUST_09822,PROD_077,2026-01-05T09:55:32Z,1,94.15,5.99,0.0,11.3,SecondDay,Mumbai,MH
AMZ-905-4362587-7597079,CUST_02357,PROD_593,2026-06-13T05:38:25Z,3,12.21,0.0,0.0,4.4,Standard,New York,NY
AMZ-829-1108591-8926553,CUST_00708,PROD_683,2025-10-23T09:12:50Z,1,255.31,3.99,0.0,30.64,SecondDay,Bangalore,KA
AMZ-675-4245083-2064753,CUST_00823,PROD_263,2025-07-07T12:11:21Z,3,191.1,0.0,0.0,68.8,Standard,Mumbai,MH
AMZ-513-1953352-1091419,CUST_06949,PROD_671,2026-01-31T02:28:15Z,1,85.63,5.99,2.99,10.28,SecondDay,New York,NY
AMZ-382-5962062-9641910,CUST_09415,PROD_272,2026-02-04T21:37:01Z,1,152.96,0.0,0.0,18.36,SecondDay,Seattle,WA
AMZ-195-9498921-2101599,CUST_03325,PROD_205,2025-11-12T20:27:36Z,1,224.17,0.0,2.99,26.9,Standard,Houston,TX
AMZ-199-5353012-7238005,CUST_05559,PROD_479,2025-11-20T18:02:42Z,1,142.03,0.0,0.0,17.04,Expedited,Delhi,DL
AMZ-167-2583178-4485550,CUST_02861,PROD_989,2025-12-03T05:21:54Z,3,169.42,0.0,0.0,60.99,Expedited,Bangalore,KA
AMZ-230-9141772-7850668,CUST_02384,PROD_771,2025-08-14T16:46:38Z,3,104.74,5.99,0.0,37.71,Expedited,New York,NY
AMZ-386-4534423-4794102,CUST_06346,PROD_678,2026-04-15T15:51:49Z,1,154.0,3.99,0.0,18.48,Expedited,Houston,TX
AMZ-973-5359165-5981739,CUST_03625,PROD_545,2025-05-26T14:19:23Z,1,174.76,0.0,0.0,20.97,Expedited,Bangalore,KA
AMZ-551-5210999-8740968,CUST_04954,PROD_190,2026-02-05T16:09:06Z,3,218.22,5.99,0.0,78.56,Standard,Seattle,WA
AMZ-558-2550207-6676031,CUST_09393,PROD_550,2026-03-03T05:05:45Z,1,76.7,5.99,0.0,9.2,SecondDay,Mumbai,MH
AMZ-226-4067839-7702938,CUST_09517,PROD_840,2025-03-28T12:34:12Z,2,89.16,0.0,0.0,21.4,Expedited,Houston,TX
AMZ-528-5054707-7975736,CUST_04589,PROD_163,2025-09-07T16:51:37Z,3,20.22,3.99,0.0,7.28,SecondDay,Houston,TX
AMZ-788-3413568-3165654,CUST_03162,PROD_760,2025-07-16T11:13:41Z,1,77.7,3.99,2.99,9.32,SecondDay,Houston,TX
AMZ-155-1903802-8603962,CUST_05369,PROD_807,2025-03-08T15:34:52Z,1,96.09,3.99,0.0,11.53,Standard,Houston,TX
AMZ-552-6349339-8438661,CUST_09287,PROD_831,2026-01-23T16:05:51Z,3,50.5,0.0,0.0,18.18,Standard,Houston,TX
AMZ-362-8824842-9973151,CUST_00012,PROD_871,2025-08-06T23:37:34Z,2,73.52,0.0,0.0,17.64,SecondDay,Seattle,WA
AMZ-101-3667533-8153347,CUST_03772,PROD_859,2025-04-01T11:03:52Z,2,253.18,5.99,2.99,60.76,SecondDay,Mumbai,MH
AMZ-822-2967292-4928839,CUST_07144,PROD_052,2026-04-01T18:54:32Z,1,216.68,3.99,0.0,26.0,SecondDay,Houston,TX
AMZ-458-4428422-1808714,CUST_09351,PROD_292,2025-12-07T06:53:41Z,3,25.68,0.0,0.0,9.24,Standard,Seattle,WA
AMZ-871-6259243-6187770,CUST_04420,PROD_516,2025-10-17T01:02:05Z,1,288.64,0.0,0.0,34.64,Expedited,Houston,TX
AMZ-427-5498961-8626052,CUST_02901,PROD_087,2026-03-25T02:02:50Z,3,130.49,5.99,0.0,46.98,Expedited,Seattle,WA
AMZ-888-2621499-1137555,CUST_06259,PROD_583,2026-01-13T18:51:49Z,1,101.4,5.99,2.99,12.17,Standard,Seattle,WA
AMZ-503-5643322-5292119,CUST_00352,PROD_405,2025-02-16T02:34:04Z,1,65.98,0.0,0.0,7.92,Expedited,Mumbai,MH
AMZ-551-8095754-3695513,CUST_01727,PROD_725,2025-08-29T13:59:38Z,3,124.85,5.99,2.99,44.95,Expedited,Houston,TX
AMZ-171-5309291-6398174,CUST_05119,PROD_281,2025-04-27T01:20:37Z,1,46.21,5.99,0.0,5.55,Standard,Delhi,DL
AMZ-957-1494546-4351663,CUST_03614,PROD_446,2025-02-02T12:48:28Z,3,104.59,0.0,0.0,37.65,SecondDay,Mumbai,MH
AMZ-984-8291823-7698018,CUST_08679,PROD_511,2025-04-29T15:02:28Z,2,239.38,0.0,0.0,57.45,SecondDay,Mumbai,MH
AMZ-315-7259087-8252345,CUST_02029,PROD_489,2026-01-27T12:11:10Z,3,95.24,0.0,2.99,34.29,Standard,New York,NY
AMZ-620-2519820-5930623,CUST_00744,PROD_117,2025-09-08T02:06:18Z,1,234.91,0.0,0.0,28.19,Standard,Houston,TX
AMZ-723-4300358-2624996,CUST_01592,PROD_969,2025-02-25T18:53:08Z,1,130.5,3.99,2.99,15.66,SecondDay,Delhi,DL
AMZ-413-7298694-1707126,CUST_00463,PROD_043,2026-02-10T08:04:41Z,1,102.68,0.0,2.99,12.32,Expedited,Seattle,WA
AMZ-853-1197644-3271571,CUST_05724,PROD_119,2025-09-25T23:18:32Z,2,32.67,3.99,0.0,7.84,Standard,Bangalore,KA
AMZ-609-6751830-8866558,CUST_02901,PROD_656,2026-02-16T14:45:36Z,1,166.98,0.0,0.0,20.04,SecondDay,Mumbai,MH
AMZ-353-8218670-8458391,CUST_09682,PROD_983,2025-08-11T09:09:14Z,2,148.23,3.99,0.0,35.58,Expedited,Delhi,DL
AMZ-530-4367219-4206197,CUST_08383,PROD_636,2026-03-13T14:10:00Z,3,179.46,0.0,0.0,64.61,Expedited,Houston,TX
AMZ-558-5447098-2683740,CUST_00902,PROD_617,2026-05-14T22:41:00Z,2,44.22,0.0,2.99,10.61,Standard,Delhi,DL
AMZ-121-5880357-7467888,CUST_02671,PROD_059,2025-04-29T08:21:41Z,2,66.28,0.0,0.0,15.91,SecondDay,Seattle,WA
AMZ-360-6302126-3739686,CUST_00485,PROD_912,2025-11-13T19:25:16Z,1,53.47,0.0,0.0,6.42,Standard,Seattle,WA
AMZ-215-7232918-6420541,CUST_05427,PROD_143,2025-08-17T08:38:03Z,1,53.36,0.0,2.99,6.4,SecondDay,Bangalore,KA
AMZ-384-6619437-2375374,CUST_09045,PROD_381,2025-05-13T23:08:16Z,3,103.78,5.99,0.0,37.36,Expedited,Mumbai,MH
AMZ-795-4266123-6154461,CUST_06358,PROD_363,2026-03-15T07:15:57Z,2,99.54,0.0,0.0,23.89,Expedited,Houston,TX
AMZ-192-1202472-7857090,CUST_02003,PROD_926,2026-06-02T13:46:29Z,3,39.92,0.0,0.0,14.37,SecondDay,Houston,TX
AMZ-476-9603939-5217069,CUST_00589,PROD_226,2025-08-17T05:54:59Z,1,179.27,5.99,0.0,21.51,SecondDay,Seattle,WA
AMZ-274-4031765-8275760,CUST_05800,PROD_424,2025-10-06T16:16:55Z,2,190.4,0.0,0.0,45.7,Standard,Houston,TX
AMZ-175-6011297-1583600,CUST_02549,PROD_001,2025-05-19T12:16:30Z,2,149.79,3.99,0.0,35.95,Expedited,Delhi,DL
AMZ-274-5790170-9630770,CUST_06280,PROD_480,2025-10-30T16:20:34Z,3,42.26,3.99,2.99,15.21,Standard,New York,NY
AMZ-536-4840449-1886949,CUST_01486,PROD_476,2025-04-27T23:12:30Z,1,173.96,5.99,2.99,20.88,SecondDay,Houston,TX
AMZ-711-5377409-5525742,CUST_07938,PROD_324,2026-05-21T08:40:27Z,1,52.27,0.0,0.0,6.27,Expedited,Bangalore,KA
AMZ-591-5844865-8294519,CUST_03312,PROD_093,2025-04-13T03:40:14Z,2,53.17,0.0,0.0,12.76,SecondDay,Mumbai,MH
AMZ-412-4472681-3859087,CUST_04559,PROD_294,2025-05-10T00:52:33Z,3,29.8,3.99,2.99,10.73,SecondDay,Bangalore,KA
AMZ-469-1648356-8470169,CUST_09278,PROD_933,2026-04-11T12:30:16Z,2,137.91,5.99,0.0,33.1,Expedited,New York,NY
AMZ-485-1241760-1948159,CUST_09268,PROD_914,2025-04-26T10:53:07Z,3,61.6,0.0,2.99,22.18,Standard,Mumbai,MH
AMZ-758-8030628-5652827,CUST_07897,PROD_934,2026-01-20T14:56:19Z,2,278.02,3.99,0.0,66.72,SecondDay,Delhi,DL
AMZ-974-4042733-8928485,CUST_04482,PROD_109,2025-12-02T15:45:51Z,3,133.68,5.99,0.0,48.12,SecondDay,Seattle,WA
AMZ-268-9696947-6071184,CUST_03527,PROD_440,2025-09-30T10:07:01Z,1,101.28,0.0,0.0,12.15,Expedited,Seattle,WA
AMZ-674-9768844-6484986,CUST_07686,PROD_151,2025-04-20T11:14:26Z,1,45.66,3.99,0.0,5.48,Expedited,Delhi,DL
AMZ-553-2762248-4668490,CUST_00702,PROD_711,2025-09-03T06:15:06Z,1,172.56,3.99,0.0,20.71,Expedited,Bangalore,KA
AMZ-464-5501467-9579967,CUST_04465,PROD_825,2025-04-15T06:27:09Z,2,106.27,5.99,0.0,25.5,Expedited,Mumbai,MH
AMZ-867-6032557-3443822,CUST_04412,PROD_121,2026-05-05T13:48:28Z,1,133.32,5.99,0.0,16.0,SecondDay,Delhi,DL
AMZ-985-7093936-6472802,CUST_04684,PROD_702,2025-04-14T15:38:27Z,1,234.07,0.0,0.0,28.09,SecondDay,Houston,TX
AMZ-932-4552212-2050784,CUST_09327,PROD_330,2025-08-18T13:46:14Z,2,115.27,0.0,2.99,27.66,Expedited,Houston,TX
AMZ-794-3166527-8433888,CUST_00359,PROD_199,2025-08-05T19:02:49Z,1,11.11,5.99,0.0,1.33,SecondDay,Bangalore,KA
AMZ-584-8832102-1359935,CUST_04580,PROD_404,2026-04-09T12:31:39Z,3,130.02,0.0,0.0,46.81,SecondDay,Seattle,WA
AMZ-791-8787104-1219963,CUST_00904,PROD_826,2025-02-26T01:27:58Z,1,99.97,0.0,0.0,12.0,Expedited,Mumbai,MH
AMZ-748-1550779-3547757,CUST_04729,PROD_012,2025-08-14T20:38:26Z,2,163.75,0.0,0.0,39.3,Standard,Delhi,DL
AMZ-812-7957623-9684823,CUST_09570,PROD_181,2025-05-09T13:10:43Z,3,207.46,0.0,0.0,74.69,SecondDay,Mumbai,MH
AMZ-542-8933395-3501191,CUST_03834,PROD_688,2026-05-25T15:08:06Z,3,256.51,0.0,0.0,92.34,SecondDay,Houston,TX
AMZ-481-8117484-8983962,CUST_04548,PROD_829,2026-05-27T22:21:33Z,1,89.76,0.0,0.0,10.77,SecondDay,Bangalore,KA
AMZ-970-6622648-6467329,CUST_03547,PROD_582,2026-05-13T05:38:37Z,3,83.28,0.0,0.0,29.98,Expedited,New York,NY
AMZ-539-2755762-1703490,CUST_09811,PROD_812,2026-02-12T05:23:49Z,3,96.21,5.99,0.0,34.64,SecondDay,Mumbai,MH
AMZ-182-8722639-4632936,CUST_01586,PROD_114,2026-01-19T01:20:10Z,3,31.35,3.99,2.99,11.29,Standard,Delhi,DL
AMZ-533-2966973-5906507,CUST_07061,PROD_509,2025-04-03T06:54:03Z,1,67.3,0.0,0.0,8.08,Expedited,Mumbai,MH
AMZ-169-1626090-2999373,CUST_07401,PROD_803,2026-02-05T21:14:40Z,2,147.44,0.0,0.0,35.39,SecondDay,Houston,TX
AMZ-253-9020068-8037945,CUST_08676,PROD_456,2025-05-19T01:17:47Z,1,123.57,0.0,0.0,14.83,SecondDay,Seattle,WA
AMZ-653-5773789-1271535,CUST_03806,PROD_220,2025-07-27T14:01:23Z,2,298.5,5.99,0.0,71.64,Standard,Houston,TX
AMZ-693-4367983-7932207,CUST_04006,PROD_559,2025-08-18T22:32:33Z,3,221.9,0.0,0.0,79.88,Expedited,Mumbai,MH
AMZ-997-9947117-7900867,CUST_02364,PROD_769,2026-06-06T00:01:21Z,1,213.84,3.99,0.0,25.66,SecondDay,Bangalore,KA
AMZ-477-1571755-8818132,CUST_05433,PROD_291,2026-05-25T13:53:10Z,2,86.2,0.0,0.0,20.69,Expedited,Houston,TX
AMZ-222-1064383-5637151,CUST_00261,PROD_565,2025-11-03T14:32:17Z,1,167.73,5.99,0.0,20.13,SecondDay,Houston,TX
AMZ-770-7354064-7906217,CUST_09051,PROD_048,2025-03-02T02:22:22Z,3,100.72,0.0,0.0,36.26,Expedited,New York,NY
AMZ-521-6212432-1042806,CUST_01929,PROD_945,2025-12-20T05:36:10Z,2,90.62,3.99,0.0,21.75,SecondDay,Mumbai,MH
AMZ-857-7549477-4393624,CUST_01535,PROD_106,2025-10-13T12:10:05Z,1,166.02,3.99,2.99,19.92,Expedited,Delhi,DL
AMZ-956-6219983-2033337,CUST_06309,PROD_248,2025-10-21T13:58:54Z,2,187.46,0.0,0.0,44.99,SecondDay,Delhi,DL
AMZ-462-7438522-5959898,CUST_06615,PROD_888,2025-10-12T07:27:26Z,2,31.07,3.99,0.0,7.46,Standard,Bangalore,KA
AMZ-348-3671154-9008049,CUST_02733,PROD_268,2026-04-25T16:00:50Z,3,18.78,5.99,0.0,6.76,Expedited,Houston,TX
AMZ-390-3327801-6450407,CUST_06857,PROD_130,2025-06-15T14:13:03Z,1,60.55,3.99,0.0,7.27,Expedited,Mumbai,MH
AMZ-742-8082052-3449582,CUST_09738,PROD_579,2025-10-06T07:11:02Z,3,132.0,0.0,2.99,47.52,Expedited,New York,NY
AMZ-760-1140213-4275285,CUST_01462,PROD_219,2025-05-04T12:13:56Z,2,24.52,5.99,0.0,5.88,SecondDay,Houston,TX
AMZ-268-5900760-2900721,CUST_00596,PROD_371,2025-04-23T15:55:56Z,2,40.62,5.99,0.0,9.75,SecondDay,Bangalore,KA
AMZ-605-7891619-1578291,CUST_06467,PROD_414,2026-05-17T04:52:39Z,1,157.26,0.0,0.0,18.87,Standard,Bangalore,KA
AMZ-471-4050599-5494794,CUST_00444,PROD_170,2025-02-27T03:15:16Z,1,177.48,5.99,2.99,21.3,Expedited,Houston,TX
AMZ-977-1743963-8257161,CUST_00604,PROD_564,2026-06-01T20:43:21Z,2,92.15,5.99,0.0,22.12,Expedited,Bangalore,KA
AMZ-462-1651394-6727034,CUST_05674,PROD_016,2026-03-07T12:12:26Z,1,63.64,3.99,0.0,7.64,Standard,Seattle,WA
AMZ-873-9021216-2923814,CUST_04564,PROD_190,2025-04-29T07:08:55Z,2,218.22,0.0,2.99,52.37,Standard,Mumbai,MH
AMZ-548-1551777-8501410,CUST_00691,PROD_838,2025-12-23T20:51:13Z,2,197.61,0.0,0.0,47.43,SecondDay,New York,NY
AMZ-969-1570653-5123732,CUST_08403,PROD_937,2026-04-01T04:31:42Z,3,236.89,0.0,2.99,85.28,Expedited,Houston,TX
AMZ-856-7969983-5582469,CUST_09720,PROD_698,2025-06-04T16:42:26Z,3,46.34,0.0,0.0,16.68,Standard,Bangalore,KA
AMZ-412-1607909-6219270,CUST_01067,PROD_112,2026-04-25T00:48:07Z,3,235.13,5.99,0.0,84.65,SecondDay,Bangalore,KA
AMZ-400-7789410-6669441,CUST_03070,PROD_262,2025-10-09T04:24:27Z,1,214.8,5.99,0.0,25.78,Standard,New York,NY
AMZ-887-8839810-1387303,CUST_01261,PROD_948,2025-11-08T22:08:44Z,2,188.32,0.0,0.0,45.2,Expedited,Houston,TX
AMZ-655-8444405-1245886,CUST_07016,PROD_446,2026-01-22T15:03:20Z,3,104.59,5.99,2.99,37.65,Standard,Delhi,DL
AMZ-373-4223798-2691589,CUST_05892,PROD_438,2026-05-26T16:36:33Z,1,172.51,5.99,0.0,20.7,Expedited,Houston,TX
AMZ-141-1289408-1619599,CUST_04454,PROD_378,2025-07-04T01:52:48Z,2,42.34,0.0,0.0,10.16,Standard,Delhi,DL
AMZ-962-2838251-3961738,CUST_02323,PROD_855,2025-11-21T11:46:41Z,1,204.52,0.0,2.99,24.54,SecondDay,New York,NY
AMZ-889-4860325-6131050,CUST_01898,PROD_714,2025-07-06T16:37:06Z,2,19.4,0.0,0.0,4.66,Expedited,Bangalore,KA
AMZ-729-3777051-5080237,CUST_06575,PROD_419,2025-05-07T13:47:06Z,3,28.95,3.99,0.0,10.42,Standard,Houston,TX
AMZ-900-3647833-7928410,CUST_01688,PROD_745,2025-09-30T09:34:19Z,3,309.44,0.0,0.0,111.4,Expedited,Houston,TX
AMZ-922-1213146-8756697,CUST_02408,PROD_366,2025-07-28T05:40:52Z,1,203.5,5.99,0.0,24.42,Expedited,Bangalore,KA
AMZ-403-2202957-7387238,CUST_02352,PROD_980,2025-12-27T20:24:35Z,3,188.67,3.99,2.99,67.92,Expedited,Seattle,WA
AMZ-617-5455643-4750564,CUST_00617,PROD_382,2025-07-23T21:24:17Z,2,260.32,0.0,2.99,62.48,SecondDay,Mumbai,MH
AMZ-711-8316058-5943387,CUST_04722,PROD_688,2025-12-13T17:20:06Z,2,256.51,0.0,0.0,61.56,Expedited,Mumbai,MH
AMZ-365-6027645-8733621,CUST_09230,PROD_027,2025-11-16T01:19:24Z,1,104.63,0.0,0.0,12.56,SecondDay,Houston,TX
AMZ-236-2853747-3307608,CUST_05087,PROD_961,2025-03-28T01:56:40Z,2,79.07,0.0,0.0,18.98,Expedited,Houston,TX
AMZ-373-2202089-9021438,CUST_03047,PROD_169,2026-02-07T07:27:30Z,1,196.85,0.0,0.0,23.62,Standard,Bangalore,KA
AMZ-256-4946129-5864186,CUST_08966,PROD_373,2025-05-28T23:00:01Z,1,213.79,0.0,2.99,25.65,Standard,Seattle,WA
AMZ-547-2839853-2437941,CUST_06428,PROD_337,2025-03-03T10:37:08Z,1,66.12,5.99,0.0,7.93,Expedited,Bangalore,KA
AMZ-326-7206993-3236897,CUST_00607,PROD_592,2026-03-15T08:24:15Z,1,163.63,0.0,2.99,19.64,SecondDay,Bangalore,KA
AMZ-682-8523918-4450751,CUST_06075,PROD_036,2025-07-16T18:38:28Z,1,222.66,0.0,0.0,26.72,SecondDay,Bangalore,KA
AMZ-460-1867148-5133308,CUST_08924,PROD_639,2026-05-19T17:05:40Z,1,200.85,0.0,0.0,24.1,Standard,Houston,TX
AMZ-682-8866844-3908691,CUST_04852,PROD_106,2025-07-15T08:31:19Z,2,166.02,0.0,0.0,39.84,Expedited,Mumbai,MH
AMZ-879-1739881-7852754,CUST_04899,PROD_374,2025-04-17T13:06:52Z,2,208.89,3.99,2.99,50.13,Expedited,Seattle,WA
AMZ-605-8548099-6492496,CUST_04783,PROD_637,2026-05-24T21:02:10Z,1,155.27,0.0,2.99,18.63,Expedited,Delhi,DL
AMZ-460-3115804-7007053,CUST_03330,PROD_507,2025-09-30T06:06:39Z,3,34.17,5.99,2.99,12.3,Standard,New York,NY
AMZ-685-7326616-9311330,CUST_06251,PROD_994,2025-10-07T11:29:07Z,1,100.48,0.0,0.0,12.06,Standard,Houston,TX
AMZ-868-5581401-5261589,CUST_04766,PROD_209,2025-05-06T09:29:29Z,2,181.71,5.99,0.0,43.61,SecondDay,Houston,TX
AMZ-813-4780365-9157409,CUST_03023,PROD_234,2025-07-17T01:01:43Z,1,90.09,0.0,2.99,10.81,Standard,Seattle,WA
AMZ-114-2463155-4047570,CUST_09253,PROD_411,2025-03-25T03:47:42Z,2,151.2,0.0,0.0,36.29,Standard,Houston,TX
AMZ-738-9711584-5216297,CUST_05757,PROD_053,2025-06-04T10:56:11Z,2,70.29,0.0,0.0,16.87,Standard,Seattle,WA
AMZ-410-6268128-3437141,CUST_05748,PROD_243,2025-03-22T12:15:19Z,2,39.94,3.99,0.0,9.59,SecondDay,Seattle,WA
AMZ-649-4508132-6696472,CUST_07547,PROD_549,2026-05-21T16:58:39Z,3,99.94,3.99,0.0,35.98,Standard,Mumbai,MH
AMZ-236-4905672-4249392,CUST_02517,PROD_183,2026-06-08T20:08:40Z,2,241.33,0.0,0.0,57.92,Expedited,Bangalore,KA
AMZ-939-6202943-1657375,CUST_07078,PROD_283,2026-02-01T04:22:22Z,2,245.86,3.99,0.0,59.01,Standard,Mumbai,MH
AMZ-617-4622733-5133118,CUST_09566,PROD_757,2025-08-23T02:07:13Z,3,231.45,3.99,2.99,83.32,Standard,Mumbai,MH
AMZ-604-1802576-2069757,CUST_04702,PROD_473,2025-06-08T19:19:55Z,3,36.16,0.0,0.0,13.02,Standard,New York,NY
AMZ-205-6468742-3673278,CUST_08196,PROD_673,2025-05-12T18:18:52Z,1,174.34,0.0,2.99,20.92,Standard,Mumbai,MH
AMZ-949-7468479-3995407,CUST_00014,PROD_249,2025-11-11T10:59:11Z,1,142.49,5.99,0.0,17.1,SecondDay,New York,NY
AMZ-843-1864544-5615497,CUST_06971,PROD_929,2025-12-15T12:01:38Z,1,287.34,5.99,2.99,34.48,Expedited,Seattle,WA
AMZ-263-3017021-3028581,CUST_00971,PROD_636,2026-03-15T23:28:58Z,3,179.46,5.99,0.0,64.61,Expedited,New York,NY
AMZ-799-1346745-8369231,CUST_03253,PROD_794,2025-08-23T12:01:19Z,3,250.48,5.99,2.99,90.17,Expedited,Houston,TX
AMZ-654-8191161-1037659,CUST_02816,PROD_494,2026-03-19T18:41:27Z,1,173.21,0.0,0.0,20.79,Standard,Seattle,WA
AMZ-601-3851592-9703324,CUST_08224,PROD_856,2026-04-10T00:07:28Z,3,21.7,3.99,0.0,7.81,Standard,Bangalore,KA
AMZ-177-6057485-3545938,CUST_00362,PROD_500,2025-12-07T15:41:09Z,2,128.66,0.0,0.0,30.88,Standard,Seattle,WA
AMZ-986-8322091-2550275,CUST_02857,PROD_930,2026-02-20T12:26:54Z,3,63.66,3.99,0.0,22.92,Standard,Houston,TX
AMZ-800-6190746-9405302,CUST_01007,PROD_298,2026-05-10T23:46:56Z,1,122.28,5.99,2.99,14.67,SecondDay,Delhi,DL
AMZ-734-9559864-8774975,CUST_00898,PROD_838,2025-07-31T01:21:41Z,2,197.61,0.0,0.0,47.43,Expedited,Delhi,DL
AMZ-165-8706292-8262654,CUST_09921,PROD_223,2026-02-01T20:37:21Z,3,156.7,0.0,0.0,56.41,SecondDay,Seattle,WA
AMZ-298-1565257-6624319,CUST_07792,PROD_108,2025-07-13T19:56:07Z,1,183.63,5.99,2.99,22.04,Expedited,Delhi,DL
AMZ-645-2366896-6547437,CUST_03504,PROD_587,2026-05-27T01:33:21Z,3,220.26,5.99,2.99,79.29,Expedited,Mumbai,MH
AMZ-571-8848278-6654408,CUST_01948,PROD_664,2025-12-26T03:48:39Z,1,285.46,5.99,0.0,34.26,SecondDay,New York,NY
AMZ-418-6171824-3490387,CUST_02404,PROD_384,2026-02-23T23:42:43Z,3,82.83,5.99,0.0,29.82,SecondDay,Seattle,WA
AMZ-980-7742916-3905642,CUST_08605,PROD_706,2025-08-30T20:02:14Z,3,192.17,0.0,0.0,69.18,Expedited,Mumbai,MH
AMZ-156-5662152-7923311,CUST_08065,PROD_530,2026-03-11T13:34:45Z,2,15.69,3.99,2.99,3.77,SecondDay,Mumbai,MH
AMZ-219-9313899-4387082,CUST_02101,PROD_016,2026-04-25T22:36:46Z,2,63.64,0.0,0.0,15.27,SecondDay,Delhi,DL
AMZ-791-2129133-3535766,CUST_00835,PROD_177,2026-04-18T05:29:29Z,3,118.43,0.0,0.0,42.63,Expedited,New York,NY
AMZ-811-5402742-6113311,CUST_04134,PROD_666,2025-05-17T09:47:30Z,3,156.97,0.0,0.0,56.51,Expedited,Houston,TX
AMZ-780-2976273-3378906,CUST_03622,PROD_823,2026-05-17T05:06:07Z,1,232.18,3.99,0.0,27.86,Standard,Houston,TX
AMZ-161-7593662-9297602,CUST_00289,PROD_213,2025-11-12T23:54:45Z,1,88.72,0.0,0.0,10.65,Standard,Houston,TX
AMZ-769-6795588-3012187,CUST_04620,PROD_257,2025-12-03T23:29:18Z,2,81.22,0.0,0.0,19.49,Expedited,Bangalore,KA
AMZ-492-9094834-6088732,CUST_05066,PROD_769,2025-04-19T14:48:08Z,1,213.84,0.0,0.0,25.66,Standard,Delhi,DL
AMZ-764-5497852-4129984,CUST_04781,PROD_945,2025-11-12T12:13:17Z,1,90.62,0.0,0.0,10.87,SecondDay,Houston,TX
AMZ-124-2854641-8436625,CUST_00422,PROD_219,2025-03-22T14:07:14Z,2,24.52,0.0,0.0,5.88,SecondDay,Seattle,WA
AMZ-799-2554005-8474919,CUST_07117,PROD_633,2025-06-26T04:49:38Z,1,8.68,0.0,2.99,1.04,Expedited,Delhi,DL
AMZ-607-4001324-4186827,CUST_08488,PROD_644,2026-03-07T19:10:54Z,1,191.93,0.0,0.0,23.03,Standard,New York,NY
AMZ-853-1575936-1160639,CUST_08424,PROD_060,2025-10-01T17:15:44Z,1,64.19,0.0,0.0,7.7,Expedited,New York,NY
AMZ-381-3819916-9101644,CUST_03183,PROD_042,2026-05-21T21:55:09Z,1,13.9,3.99,0.0,1.67,Expedited,Delhi,DL
AMZ-764-7604073-1341586,CUST_01609,PROD_332,2025-03-10T13:00:14Z,2,228.02,3.99,0.0,54.72,Expedited,Mumbai,MH
AMZ-271-1995077-5383017,CUST_00760,PROD_382,2025-11-21T06:30:12Z,3,260.32,5.99,0.0,93.72,Standard,Mumbai,MH
AMZ-526-7150577-4797595,CUST_01163,PROD_321,2025-05-22T08:39:50Z,1,12.04,0.0,0.0,1.44,SecondDay,Delhi,DL
AMZ-876-1676241-1254917,CUST_04903,PROD_396,2025-04-20T21:42:10Z,1,63.02,0.0,0.0,7.56,Standard,Houston,TX
AMZ-412-7478224-2738301,CUST_02320,PROD_734,2025-07-02T13:22:56Z,1,187.18,0.0,0.0,22.46,SecondDay,New York,NY
AMZ-191-7762910-6627988,CUST_01232,PROD_827,2026-02-14T06:30:56Z,1,115.55,5.99,2.99,13.87,Standard,New York,NY
AMZ-630-9515767-6974935,CUST_09005,PROD_471,2026-04-01T13:59:42Z,2,179.6,0.0,2.99,43.1,Standard,Mumbai,MH
AMZ-628-2083849-9899676,CUST_04463,PROD_940,2025-02-17T13:43:55Z,1,151.94,5.99,2.99,18.23,Expedited,New York,NY
AMZ-782-3072566-7697383,CUST_03137,PROD_920,2026-03-15T10:28:31Z,2,259.77,3.99,0.0,62.34,Standard,Mumbai,MH
AMZ-487-3053255-1666554,CUST_04393,PROD_487,2026-05-16T11:24:13Z,3,174.36,0.0,0.0,62.77,Standard,Houston,TX
AMZ-223-7295943-6561489,CUST_09013,PROD_452,2025-12-24T22:33:06Z,3,16.47,3.99,0.0,5.93,Standard,Delhi,DL
AMZ-101-8418920-7670764,CUST_03272,PROD_366,2025-05-21T04:01:34Z,2,203.5,0.0,0.0,48.84,Expedited,Mumbai,MH
AMZ-705-5855950-1104439,CUST_03686,PROD_557,2025-02-23T22:51:10Z,3,193.86,0.0,0.0,69.79,SecondDay,Delhi,DL
AMZ-609-6366972-2107078,CUST_07627,PROD_683,2026-05-19T10:56:24Z,1,255.31,5.99,0.0,30.64,SecondDay,Seattle,WA
AMZ-474-6746061-6239311,CUST_05058,PROD_770,2026-02-03T09:36:37Z,1,204.3,0.0,2.99,24.52,Expedited,New York,NY
AMZ-511-9159158-3200130,CUST_00617,PROD_374,2025-11-27T07:03:51Z,1,208.89,3.99,0.0,25.07,Standard,Bangalore,KA
AMZ-165-7012157-8825151,CUST_00594,PROD_910,2025-09-04T12:48:39Z,2,230.68,3.99,2.99,55.36,Standard,Bangalore,KA
AMZ-202-2766976-5958711,CUST_09520,PROD_108,2025-03-27T13:29:27Z,1,183.63,0.0,2.99,22.04,Standard,Houston,TX
AMZ-535-8798940-1160486,CUST_01285,PROD_437,2026-06-07T09:39:50Z,1,239.14,0.0,2.99,28.7,Standard,Houston,TX
AMZ-131-5881762-2142066,CUST_09485,PROD_068,2026-05-15T01:37:31Z,3,77.71,0.0,0.0,27.98,Expedited,Mumbai,MH
AMZ-750-7780590-1543157,CUST_02878,PROD_892,2025-02-10T20:01:03Z,1,112.18,0.0,0.0,13.46,Expedited,New York,NY
AMZ-787-5552036-6965238,CUST_01692,PROD_971,2025-04-14T07:40:31Z,2,90.65,0.0,2.99,21.76,Expedited,Mumbai,MH
AMZ-490-2892628-1523187,CUST_06071,PROD_936,2025-10-11T00:33:08Z,2,165.98,3.99,0.0,39.84,SecondDay,New York,NY
AMZ-786-6186832-9834050,CUST_05281,PROD_674,2025-06-27T21:56:50Z,2,120.93,5.99,2.99,29.02,SecondDay,Bangalore,KA
AMZ-456-8248927-3905078,CUST_01035,PROD_192,2025-09-05T22:04:04Z,1,261.72,0.0,0.0,31.41,SecondDay,Delhi,DL
AMZ-615-5470912-5873846,CUST_06342,PROD_885,2025-07-15T09:51:29Z,1,118.04,0.0,0.0,14.16,SecondDay,Delhi,DL
AMZ-264-9664016-8968760,CUST_05259,PROD_991,2025-11-18T00:28:23Z,2,81.1,0.0,2.99,19.46,SecondDay,Bangalore,KA
AMZ-673-4473626-6381965,CUST_09762,PROD_596,2025-06-21T00:40:40Z,3,189.43,5.99,0.0,68.19,SecondDay,Bangalore,KA
AMZ-341-7267132-2949526,CUST_06118,PROD_581,2025-03-28T08:13:15Z,2,75.6,5.99,2.99,18.14,SecondDay,Mumbai,MH
AMZ-199-2311399-8692729,CUST_09622,PROD_043,2025-02-02T14:47:17Z,2,102.68,5.99,2.99,24.64,SecondDay,Delhi,DL
AMZ-571-5963360-2913099,CUST_04500,PROD_073,2025-05-13T10:02:49Z,1,47.48,0.0,0.0,5.7,Expedited,Mumbai,MH
AMZ-147-9019086-5058698,CUST_00375,PROD_180,2025-05-05T03:21:19Z,1,30.46,0.0,0.0,3.66,Standard,Seattle,WA
AMZ-391-1782992-5955298,CUST_09638,PROD_280,2025-12-11T02:37:44Z,1,33.15,0.0,0.0,3.98,Standard,Mumbai,MH
AMZ-208-3328291-3678829,CUST_09400,PROD_043,2026-03-19T20:53:01Z,2,102.68,0.0,0.0,24.64,SecondDay,Delhi,DL
AMZ-883-9432680-9368936,CUST_04279,PROD_519,2025-04-09T08:32:47Z,1,15.43,0.0,2.99,1.85,SecondDay,Houston,TX
AMZ-687-3431332-2010223,CUST_00236,PROD_272,2026-06-02T23:02:26Z,1,152.96,5.99,0.0,18.36,SecondDay,New York,NY
AMZ-870-5615579-3313782,CUST_05866,PROD_383,2025-04-03T17:21:36Z,2,55.15,0.0,0.0,13.24,Standard,Bangalore,KA
AMZ-543-4930242-1533093,CUST_03842,PROD_516,2025-06-17T02:47:10Z,1,288.64,5.99,0.0,34.64,Expedited,Seattle,WA
AMZ-359-6182578-9519005,CUST_00536,PROD_265,2025-02-26T17:30:16Z,1,93.56,0.0,2.99,11.23,Standard,Seattle,WA
AMZ-321-9856440-1206104,CUST_02827,PROD_389,2026-05-11T06:05:28Z,3,190.04,5.99,0.0,68.41,Expedited,Seattle,WA
AMZ-504-1122615-7474262,CUST_01054,PROD_510,2026-02-05T14:57:10Z,1,65.47,0.0,2.99,7.86,SecondDay,Delhi,DL
AMZ-760-6962718-8701435,CUST_00281,PROD_736,2025-06-20T11:38:36Z,1,61.92,3.99,0.0,7.43,SecondDay,Seattle,WA
AMZ-295-7854660-2959340,CUST_07244,PROD_628,2026-03-21T18:12:31Z,1,181.47,3.99,0.0,21.78,Standard,Houston,TX
AMZ-218-1467181-9509308,CUST_07418,PROD_193,2025-11-19T15:34:07Z,1,169.98,3.99,0.0,20.4,Expedited,Seattle,WA
AMZ-296-6488350-5741332,CUST_05197,PROD_867,2026-05-19T17:06:58Z,2,16.31,0.0,0.0,3.91,Expedited,Houston,TX
AMZ-450-6617314-9167679,CUST_06123,PROD_037,2025-05-22T15:31:53Z,3,142.69,0.0,2.99,51.37,Standard,New York,NY
AMZ-421-5599604-2153166,CUST_04449,PROD_476,2026-05-16T11:41:51Z,1,173.96,3.99,0.0,20.88,Expedited,Bangalore,KA
AMZ-929-8890091-5915676,CUST_05613,PROD_563,2025-11-08T05:01:41Z,2,162.57,5.99,0.0,39.02,SecondDay,Mumbai,MH
AMZ-632-4600593-3632139,CUST_05844,PROD_150,2025-04-12T12:46:30Z,1,177.73,0.0,0.0,21.33,Standard,Houston,TX
AMZ-216-6346016-3916556,CUST_01638,PROD_514,2026-03-15T09:53:35Z,2,78.64,3.99,0.0,18.87,Standard,Bangalore,KA
AMZ-912-3110549-2343369,CUST_02026,PROD_028,2025-08-06T03:38:33Z,2,164.73,0.0,0.0,39.54,Expedited,Bangalore,KA
AMZ-251-4125153-4552534,CUST_07166,PROD_793,2025-10-18T10:56:49Z,1,215.88,5.99,0.0,25.91,SecondDay,Seattle,WA
AMZ-395-4868554-7589054,CUST_02798,PROD_083,2025-09-25T20:59:57Z,3,191.25,0.0,0.0,68.85,SecondDay,Bangalore,KA
AMZ-899-7650938-9609432,CUST_04105,PROD_808,2025-08-04T08:48:06Z,2,113.85,0.0,0.0,27.32,Expedited,Bangalore,KA
AMZ-428-6706795-7089496,CUST_03072,PROD_946,2025-05-29T04:15:09Z,2,54.45,3.99,0.0,13.07,SecondDay,Delhi,DL
AMZ-832-7538678-5659750,CUST_06585,PROD_279,2025-04-06T10:49:30Z,3,32.29,0.0,0.0,11.62,SecondDay,Houston,TX
AMZ-500-7441058-2699031,CUST_08810,PROD_471,2025-05-20T07:43:36Z,1,179.6,5.99,0.0,21.55,Expedited,Delhi,DL
AMZ-171-4635857-4510133,CUST_04000,PROD_380,2026-02-16T09:15:46Z,1,235.15,0.0,2.99,28.22,Standard,Houston,TX
AMZ-176-5170996-9147714,CUST_07171,PROD_599,2025-10-21T04:09:39Z,1,241.32,0.0,0.0,28.96,SecondDay,Bangalore,KA
AMZ-153-1241167-3844117,CUST_04693,PROD_854,2025-09-18T11:22:35Z,3,199.42,3.99,0.0,71.79,Standard,Delhi,DL
AMZ-546-8039317-1695485,CUST_03404,PROD_763,2026-02-11T04:21:26Z,2,167.2,5.99,0.0,40.13,Standard,Bangalore,KA
AMZ-827-4063187-8571762,CUST_07822,PROD_313,2025-03-17T20:54:23Z,3,140.85,5.99,0.0,50.71,Expedited,New York,NY
AMZ-319-2665090-4705581,CUST_09060,PROD_245,2025-09-22T12:31:37Z,2,199.02,3.99,0.0,47.76,Expedited,Bangalore,KA
AMZ-407-2581013-6738175,CUST_06832,PROD_933,2025-11-11T05:05:13Z,3,137.91,3.99,0.0,49.65,Expedited,Houston,TX
AMZ-652-4201955-9558851,CUST_09281,PROD_784,2025-08-26T16:01:22Z,3,147.49,0.0,2.99,53.1,Expedited,Mumbai,MH
AMZ-854-3382046-7793117,CUST_08531,PROD_996,2025-09-04T13:01:56Z,3,241.84,5.99,0.0,87.06,Expedited,Delhi,DL
AMZ-599-7540086-1862082,CUST_05116,PROD_306,2025-11-10T14:32:54Z,3,145.33,0.0,0.0,52.32,SecondDay,Delhi,DL
AMZ-181-5109316-1530732,CUST_05884,PROD_782,2025-06-23T17:06:38Z,3,172.9,0.0,2.99,62.24,Expedited,Bangalore,KA
AMZ-672-7740225-6175626,CUST_08335,PROD_986,2026-02-14T17:29:34Z,1,71.76,3.99,0.0,8.61,Expedited,New York,NY
AMZ-898-9141737-7843948,CUST_05891,PROD_052,2025-12-20T16:29:59Z,2,216.68,0.0,0.0,52.0,Expedited,New York,NY
AMZ-722-7165777-3511060,CUST_01900,PROD_961,2025-05-12T04:12:29Z,2,79.07,0.0,0.0,18.98,SecondDay,Delhi,DL
AMZ-504-8390289-2720782,CUST_02737,PROD_891,2025-09-27T20:41:59Z,1,220.1,5.99,0.0,26.41,Expedited,Mumbai,MH
AMZ-322-7403329-6304215,CUST_01975,PROD_145,2025-02-09T16:17:47Z,1,199.79,5.99,2.99,23.97,Standard,Delhi,DL
AMZ-613-4388091-5204905,CUST_05494,PROD_496,2025-12-30T00:00:43Z,1,146.35,3.99,0.0,17.56,Standard,Bangalore,KA
AMZ-851-4341420-1200417,CUST_02456,PROD_856,2025-05-20T04:54:16Z,3,21.7,3.99,0.0,7.81,SecondDay,Seattle,WA
AMZ-870-6906808-2599190,CUST_01583,PROD_254,2026-03-26T07:01:20Z,3,158.9,5.99,0.0,57.2,Expedited,Houston,TX
AMZ-831-7896423-7348294,CUST_07406,PROD_553,2025-07-03T13:27:47Z,3,198.29,0.0,0.0,71.38,Expedited,Bangalore,KA
AMZ-908-4623667-7832066,CUST_09412,PROD_887,2025-10-30T13:35:16Z,3,81.36,0.0,0.0,29.29,Expedited,New York,NY
AMZ-352-2180665-7667752,CUST_06383,PROD_793,2025-07-02T13:43:56Z,2,215.88,0.0,0.0,51.81,SecondDay,Houston,TX
AMZ-290-5463221-1360312,CUST_00998,PROD_696,2025-11-17T08:08:34Z,2,168.53,0.0,0.0,40.45,Standard,Houston,TX
AMZ-164-6030463-1187042,CUST_03889,PROD_931,2026-04-06T21:17:21Z,1,182.26,0.0,2.99,21.87,Expedited,New York,NY
AMZ-832-8045911-4854146,CUST_08062,PROD_842,2025-07-25T12:02:23Z,2,25.9,3.99,0.0,6.22,Standard,Bangalore,KA
AMZ-383-3141494-3317927,CUST_03532,PROD_532,2026-04-05T17:18:22Z,2,9.86,3.99,0.0,2.37,Standard,Houston,TX
AMZ-402-2941036-5039889,CUST_01865,PROD_662,2026-02-14T16:26:29Z,3,94.23,0.0,0.0,33.92,Expedited,Houston,TX
AMZ-494-3620111-5951498,CUST_02671,PROD_287,2025-07-23T12:46:13Z,1,96.6,0.0,0.0,11.59,Standard,Houston,TX
AMZ-997-3756923-1541670,CUST_00924,PROD_954,2025-03-11T22:50:16Z,3,212.35,0.0,0.0,76.45,Expedited,Bangalore,KA
AMZ-649-2060021-6438489,CUST_03081,PROD_585,2025-02-17T07:53:29Z,3,136.9,3.99,0.0,49.28,Standard,Mumbai,MH
AMZ-472-2011779-7324561,CUST_04626,PROD_156,2026-02-01T05:08:52Z,2,197.06,5.99,2.99,47.29,SecondDay,Bangalore,KA
AMZ-114-2149784-6605041,CUST_01082,PROD_446,2025-12-23T21:15:02Z,1,104.59,0.0,0.0,12.55,Standard,Delhi,DL
AMZ-648-4811514-6599617,CUST_08299,PROD_117,2025-06-27T04:20:16Z,3,234.91,0.0,0.0,84.57,Expedited,New York,NY
AMZ-945-1825602-1718994,CUST_04386,PROD_737,2026-05-29T05:59:28Z,2,245.79,0.0,0.0,58.99,Expedited,New York,NY
AMZ-713-3180059-8574781,CUST_06028,PROD_396,2026-06-11T23:37:14Z,3,63.02,3.99,2.99,22.69,Standard,Delhi,DL
AMZ-231-4172888-1944329,CUST_04168,PROD_162,2025-08-05T01:03:40Z,2,171.92,0.0,2.99,41.26,Standard,Seattle,WA
AMZ-746-5005027-1048155,CUST_09990,PROD_355,2025-09-09T17:21:44Z,1,195.45,0.0,2.99,23.45,Expedited,Seattle,WA
AMZ-256-9494710-6374056,CUST_08090,PROD_622,2026-04-24T16:24:47Z,3,278.76,0.0,0.0,100.35,SecondDay,Delhi,DL
AMZ-215-4127517-9659555,CUST_01787,PROD_554,2025-02-25T19:20:59Z,2,146.49,3.99,0.0,35.16,Expedited,Mumbai,MH
AMZ-540-4612242-3413271,CUST_07328,PROD_542,2025-07-10T22:15:52Z,2,116.94,0.0,0.0,28.07,Expedited,Bangalore,KA
AMZ-652-8523968-6248341,CUST_04989,PROD_985,2025-07-28T09:58:12Z,1,197.6,0.0,2.99,23.71,Standard,Mumbai,MH
AMZ-974-4679308-4776445,CUST_01274,PROD_319,2026-05-04T14:08:14Z,1,220.64,0.0,0.0,26.48,Standard,Houston,TX
AMZ-127-5135404-7161286,CUST_03985,PROD_808,2026-02-16T22:07:17Z,3,113.85,5.99,0.0,40.99,SecondDay,Mumbai,MH
AMZ-821-6158175-8546053,CUST_06149,PROD_723,2026-05-21T20:30:56Z,2,105.54,0.0,2.99,25.33,Standard,Seattle,WA
AMZ-993-1938038-9696140,CUST_05843,PROD_407,2025-07-22T20:45:26Z,2,246.55,0.0,0.0,59.17,SecondDay,Bangalore,KA
AMZ-408-7050532-5147900,CUST_00201,PROD_559,2026-02-04T02:49:27Z,2,221.9,0.0,0.0,53.26,Expedited,Houston,TX
AMZ-309-1831254-2602000,CUST_06682,PROD_055,2025-04-15T13:29:35Z,1,51.43,0.0,0.0,6.17,SecondDay,Mumbai,MH
AMZ-188-5622280-5103082,CUST_00382,PROD_070,2026-01-31T04:51:14Z,1,79.38,0.0,0.0,9.53,SecondDay,Delhi,DL
AMZ-815-2088389-6834371,CUST_06474,PROD_754,2025-04-19T12:10:35Z,3,163.0,0.0,0.0,58.68,Standard,Mumbai,MH
AMZ-485-5326472-3443487,CUST_04482,PROD_707,2026-01-21T23:14:39Z,1,188.05,0.0,0.0,22.57,Standard,Houston,TX
AMZ-113-2860995-6226422,CUST_01342,PROD_400,2025-03-04T03:55:46Z,2,14.33,5.99,2.99,3.44,Expedited,Bangalore,KA
AMZ-694-5398864-9372334,CUST_04018,PROD_610,2026-02-12T06:59:41Z,3,159.27,0.0,0.0,57.34,Expedited,Houston,TX
AMZ-531-4031878-2173924,CUST_09339,PROD_218,2025-03-05T12:42:09Z,2,50.97,0.0,2.99,12.23,Expedited,Bangalore,KA
AMZ-498-7014780-3803484,CUST_07397,PROD_415,2025-04-08T16:02:32Z,3,195.5,0.0,0.0,70.38,Expedited,Delhi,DL
AMZ-174-7592341-8622584,CUST_00878,PROD_052,2025-03-14T22:54:02Z,2,216.68,0.0,0.0,52.0,Expedited,New York,NY
AMZ-251-1521747-2678476,CUST_00026,PROD_121,2025-10-15T18:43:58Z,3,133.32,3.99,0.0,48.0,Expedited,Houston,TX
AMZ-269-1387971-9389332,CUST_02871,PROD_347,2025-10-31T13:23:33Z,2,179.18,0.0,2.99,43.0,Expedited,Delhi,DL
AMZ-781-2402212-6203290,CUST_06615,PROD_197,2026-05-01T00:31:10Z,3,117.49,0.0,0.0,42.3,Standard,Seattle,WA
AMZ-580-3326851-2921790,CUST_09313,PROD_573,2025-09-13T16:31:01Z,2,8.55,0.0,2.99,2.05,SecondDay,Delhi,DL
AMZ-974-8593229-3367446,CUST_05336,PROD_684,2026-01-22T07:20:17Z,1,259.37,0.0,0.0,31.12,SecondDay,Bangalore,KA
AMZ-458-8326272-8046627,CUST_05808,PROD_478,2025-09-13T04:51:18Z,3,150.82,3.99,0.0,54.3,Standard,Bangalore,KA
AMZ-575-7016448-8580809,CUST_06761,PROD_883,2026-03-25T08:22:27Z,2,61.03,3.99,0.0,14.65,Standard,Houston,TX
AMZ-106-4921011-1751380,CUST_05219,PROD_082,2025-09-14T09:15:00Z,1,136.43,0.0,2.99,16.37,Standard,Seattle,WA
AMZ-415-4096080-6811826,CUST_04880,PROD_894,2025-02-04T09:18:03Z,3,74.51,3.99,2.99,26.82,Expedited,Bangalore,KA
AMZ-767-7226385-2683399,CUST_01723,PROD_026,2026-01-18T09:25:09Z,1,45.6,3.99,0.0,5.47,Expedited,Seattle,WA
AMZ-580-6562536-1418672,CUST_07622,PROD_767,2025-10-20T05:57:26Z,2,179.76,5.99,0.0,43.14,Expedited,New York,NY
AMZ-257-1533559-9543075,CUST_06465,PROD_346,2025-08-10T07:45:31Z,1,160.83,0.0,2.99,19.3,Standard,Delhi,DL
AMZ-610-9969886-3536361,CUST_01566,PROD_790,2025-02-05T08:09:37Z,1,73.86,0.0,0.0,8.86,SecondDay,Delhi,DL
AMZ-131-1514322-1547086,CUST_03288,PROD_869,2026-06-14T11:28:29Z,2,31.98,0.0,2.99,7.68,SecondDay,Seattle,WA
AMZ-399-6145280-7410844,CUST_09662,PROD_316,2026-01-09T06:35:16Z,2,126.74,0.0,2.99,30.42,SecondDay,Mumbai,MH
AMZ-719-6746963-1222490,CUST_02236,PROD_779,2025-08-15T10:40:06Z,2,30.12,0.0,2.99,7.23,SecondDay,Delhi,DL
AMZ-532-2290051-6190626,CUST_02068,PROD_438,2025-03-02T14:35:53Z,1,172.51,0.0,0.0,20.7,Standard,Mumbai,MH
AMZ-299-9857439-3870766,CUST_07552,PROD_434,2026-03-18T22:38:57Z,1,208.04,0.0,0.0,24.96,SecondDay,Mumbai,MH
AMZ-346-9786077-3134127,CUST_05733,PROD_525,2025-09-22T01:36:43Z,1,12.28,0.0,0.0,1.47,Standard,Mumbai,MH
AMZ-409-2061515-1513488,CUST_02163,PROD_638,2026-04-03T07:52:29Z,3,87.87,0.0,0.0,31.63,Standard,Houston,TX
AMZ-440-8603808-9756813,CUST_04419,PROD_594,2025-03-26T22:30:25Z,3,68.85,0.0,2.99,24.79,SecondDay,New York,NY
AMZ-620-1534689-7208507,CUST_04399,PROD_792,2025-06-06T23:13:57Z,2,59.18,3.99,0.0,14.2,Expedited,Houston,TX
AMZ-723-5156790-5426766,CUST_07052,PROD_543,2025-04-06T19:07:28Z,3,38.04,5.99,0.0,13.69,Standard,Delhi,DL
AMZ-666-9023164-7024644,CUST_03824,PROD_996,2025-07-17T04:19:32Z,1,241.84,3.99,0.0,29.02,Expedited,Bangalore,KA
AMZ-519-4968054-4366922,CUST_00550,PROD_837,2026-03-19T19:08:39Z,1,180.36,0.0,0.0,21.64,Standard,Bangalore,KA
AMZ-744-5898439-9206352,CUST_04745,PROD_040,2025-06-06T21:04:13Z,3,255.58,0.0,0.0,92.01,Expedited,Delhi,DL
AMZ-653-8504658-2743618,CUST_06813,PROD_361,2025-04-04T08:36:25Z,3,14.55,0.0,0.0,5.24,Standard,New York,NY
AMZ-562-2962472-1709090,CUST_03618,PROD_412,2026-05-03T19:03:32Z,2,180.5,0.0,0.0,43.32,SecondDay,Houston,TX
AMZ-840-4170592-4067799,CUST_09958,PROD_156,2025-02-22T13:10:13Z,2,197.06,0.0,0.0,47.29,Expedited,Mumbai,MH
AMZ-655-2945283-8260192,CUST_00569,PROD_284,2025-09-12T08:49:03Z,1,242.76,0.0,0.0,29.13,Standard,Houston,TX
AMZ-322-7664785-3569289,CUST_06584,PROD_214,2025-07-06T06:53:22Z,1,102.03,3.99,0.0,12.24,SecondDay,Mumbai,MH
AMZ-362-4489042-4785040,CUST_07420,PROD_152,2025-04-28T22:55:45Z,3,94.73,0.0,0.0,34.1,Standard,Seattle,WA
AMZ-530-8416265-9773308,CUST_06203,PROD_017,2025-12-04T13:35:48Z,1,22.89,5.99,2.99,2.75,SecondDay,Houston,TX
AMZ-658-6728312-2212366,CUST_07055,PROD_703,2025-05-19T08:08:17Z,1,264.19,3.99,0.0,31.7,Standard,Houston,TX
AMZ-161-4714508-1937958,CUST_00302,PROD_909,2025-11-04T08:35:14Z,3,206.07,3.99,0.0,74.19,Standard,Seattle,WA
AMZ-781-6626902-5369109,CUST_00686,PROD_333,2025-11-27T14:38:00Z,3,206.74,5.99,0.0,74.43,SecondDay,Houston,TX
AMZ-942-5298944-4561735,CUST_06483,PROD_474,2025-08-20T16:44:42Z,2,207.31,5.99,0.0,49.75,SecondDay,Houston,TX
AMZ-538-7463270-9071798,CUST_06594,PROD_993,2026-05-15T22:01:55Z,2,315.21,0.0,0.0,75.65,Standard,New York,NY
AMZ-362-8135661-6360048,CUST_00391,PROD_630,2026-05-20T06:31:13Z,1,188.72,0.0,0.0,22.65,SecondDay,Houston,TX
AMZ-346-6261593-7337318,CUST_09763,PROD_977,2025-04-27T06:30:23Z,1,173.89,0.0,2.99,20.87,Standard,Delhi,DL
AMZ-771-3313882-9571686,CUST_07143,PROD_264,2025-05-09T15:15:06Z,2,48.34,5.99,0.0,11.6,Expedited,Bangalore,KA
AMZ-266-9424177-3872776,CUST_00437,PROD_721,2025-02-21T08:27:52Z,2,220.49,3.99,0.0,52.92,Standard,New York,NY
AMZ-464-2346259-2040527,CUST_07460,PROD_791,2026-04-04T16:40:18Z,2,78.94,3.99,2.99,18.95,Standard,Houston,TX
AMZ-872-7384194-4614770,CUST_06660,PROD_072,2026-05-08T11:24:35Z,2,246.41,5.99,0.0,59.14,Standard,Seattle,WA
AMZ-197-7109537-7735981,CUST_07776,PROD_197,2025-06-27T14:29:39Z,3,117.49,5.99,2.99,42.3,SecondDay,Bangalore,KA
AMZ-763-3706916-9431779,CUST_03709,PROD_203,2026-01-29T19:57:41Z,3,20.64,3.99,0.0,7.43,Expedited,Seattle,WA
AMZ-491-5449731-5510461,CUST_00882,PROD_628,2026-05-09T06:04:02Z,2,181.47,0.0,0.0,43.55,Expedited,Houston,TX
AMZ-219-1075737-5099275,CUST_01857,PROD_730,2026-02-13T06:49:12Z,3,197.37,0.0,2.99,71.05,SecondDay,Seattle,WA
AMZ-183-6031060-3802444,CUST_00566,PROD_419,2025-04-14T19:20:13Z,3,28.95,0.0,0.0,10.42,Standard,Houston,TX
AMZ-913-7054968-7094300,CUST_06303,PROD_900,2025-10-08T06:50:10Z,2,100.19,0.0,0.0,24.05,Expedited,Bangalore,KA
AMZ-946-6975023-5592351,CUST_09207,PROD_962,2026-03-09T18:13:27Z,2,85.54,5.99,0.0,20.53,SecondDay,Seattle,WA
AMZ-925-3854785-5065471,CUST_09596,PROD_448,2025-11-26T10:45:48Z,1,219.72,5.99,0.0,26.37,SecondDay,Bangalore,KA
AMZ-221-3718673-4520165,CUST_09585,PROD_502,2025-04-05T11:17:15Z,3,205.75,3.99,0.0,74.07,Expedited,Seattle,WA
AMZ-527-6734260-5456894,CUST_04804,PROD_584,2026-01-21T13:03:03Z,2,230.61,0.0,0.0,55.35,Expedited,Seattle,WA
AMZ-668-6040299-1735391,CUST_07791,PROD_493,2026-04-14T14:27:06Z,3,92.7,0.0,0.0,33.37,Expedited,Houston,TX
AMZ-489-1396942-9783403,CUST_06707,PROD_705,2025-02-13T23:37:05Z,2,218.91,0.0,2.99,52.54,Standard,Mumbai,MH
AMZ-980-4031445-7578126,CUST_09112,PROD_389,2026-03-16T20:55:43Z,1,190.04,5.99,2.99,22.8,SecondDay,Delhi,DL
AMZ-719-3398448-9793616,CUST_03022,PROD_921,2025-06-20T11:27:50Z,1,15.47,0.0,0.0,1.86,SecondDay,Bangalore,KA
AMZ-625-8229356-2964817,CUST_00467,PROD_066,2025-04-29T08:31:59Z,3,190.22,0.0,0.0,68.48,Expedited,Delhi,DL
AMZ-475-6997199-5825928,CUST_06700,PROD_403,2026-01-08T21:15:47Z,3,68.33,0.0,0.0,24.6,SecondDay,Bangalore,KA
AMZ-337-7564203-4116830,CUST_06182,PROD_759,2025-10-31T15:19:08Z,3,91.94,0.0,0.0,33.1,Standard,Bangalore,KA
AMZ-729-6837327-3436682,CUST_01985,PROD_103,2025-05-30T01:44:08Z,3,85.17,5.99,0.0,30.66,Expedited,New York,NY
AMZ-897-4552166-3291829,CUST_07021,PROD_580,2025-05-27T18:57:57Z,3,27.77,3.99,0.0,10.0,Standard,New York,NY
AMZ-387-9343991-1394322,CUST_01508,PROD_996,2025-05-13T14:35:56Z,2,241.84,5.99,0.0,58.04,SecondDay,Bangalore,KA
AMZ-471-6479452-8230979,CUST_02907,PROD_958,2026-06-10T23:31:49Z,2,77.39,3.99,0.0,18.57,SecondDay,Bangalore,KA
AMZ-425-7797761-2222067,CUST_04005,PROD_444,2025-08-17T15:31:26Z,1,18.38,0.0,0.0,2.21,Standard,Mumbai,MH
AMZ-878-9061790-2275210,CUST_09809,PROD_426,2026-03-15T13:57:08Z,2,112.68,5.99,0.0,27.04,SecondDay,Bangalore,KA
AMZ-471-3334807-5295010,CUST_04312,PROD_383,2025-08-07T22:55:48Z,3,55.15,0.0,2.99,19.85,Expedited,Houston,TX
AMZ-579-8819955-7519867,CUST_07222,PROD_065,2026-01-30T10:56:26Z,3,35.84,0.0,2.99,12.9,Standard,Delhi,DL
AMZ-911-9237756-7975163,CUST_00846,PROD_350,2026-06-03T17:50:19Z,2,139.39,0.0,0.0,33.45,SecondDay,Houston,TX
AMZ-376-4708907-9409410,CUST_08915,PROD_470,2025-08-14T05:00:12Z,1,54.33,0.0,2.99,6.52,Expedited,Delhi,DL
AMZ-972-1775501-6227979,CUST_06207,PROD_778,2025-02-08T10:20:42Z,1,137.2,3.99,0.0,16.46,Expedited,Houston,TX
AMZ-258-6682522-7711614,CUST_04810,PROD_216,2025-11-21T09:07:12Z,2,125.1,3.99,2.99,30.02,SecondDay,Bangalore,KA
AMZ-736-2725387-3159660,CUST_02145,PROD_762,2026-03-21T13:14:15Z,3,76.8,0.0,0.0,27.65,SecondDay,New York,NY
AMZ-789-5168913-1338448,CUST_02313,PROD_856,2026-02-23T07:41:36Z,1,21.7,0.0,0.0,2.6,Standard,Houston,TX
AMZ-556-2632411-6386753,CUST_03243,PROD_962,2025-06-05T09:04:47Z,2,85.54,5.99,2.99,20.53,Expedited,Delhi,DL
AMZ-551-3962112-1284723,CUST_09755,PROD_255,2026-02-13T13:27:33Z,3,268.59,3.99,0.0,96.69,Expedited,Bangalore,KA
AMZ-909-3884271-6901306,CUST_05322,PROD_796,2025-08-25T10:22:00Z,2,137.57,5.99,0.0,33.02,Expedited,Mumbai,MH
AMZ-599-8937124-3885065,CUST_05656,PROD_576,2025-10-22T08:26:48Z,3,120.68,0.0,0.0,43.44,SecondDay,Seattle,WA
AMZ-812-9553544-7666990,CUST_03973,PROD_357,2026-03-04T23:26:37Z,2,65.79,0.0,0.0,15.79,SecondDay,Delhi,DL
AMZ-451-4555998-8167578,CUST_05311,PROD_302,2025-10-27T10:24:39Z,1,151.16,0.0,2.99,18.14,SecondDay,Houston,TX
AMZ-907-6261039-8889909,CUST_09192,PROD_593,2026-02-03T05:48:27Z,2,12.21,5.99,0.0,2.93,SecondDay,Houston,TX
AMZ-209-6440443-4517711,CUST_02830,PROD_097,2025-12-21T02:38:01Z,3,122.75,3.99,2.99,44.19,Standard,New York,NY
AMZ-647-4385046-5177918,CUST_02870,PROD_568,2025-09-13T13:39:06Z,3,221.73,5.99,0.0,79.82,SecondDay,New York,NY
AMZ-512-4599502-9733806,CUST_05602,PROD_946,2026-02-14T11:56:37Z,2,54.45,0.0,0.0,13.07,SecondDay,Seattle,WA
AMZ-746-5081831-9355779,CUST_05916,PROD_136,2025-11-19T12:27:10Z,2,51.5,3.99,2.99,12.36,Standard,Bangalore,KA
AMZ-460-2887278-3274477,CUST_09758,PROD_175,2025-06-10T10:31:47Z,3,189.84,0.0,0.0,68.34,Standard,Delhi,DL
AMZ-396-9610488-4558743,CUST_07045,PROD_223,2025-06-07T09:23:43Z,1,156.7,0.0,0.0,18.8,Standard,Mumbai,MH
AMZ-379-1847817-3295378,CUST_01064,PROD_426,2026-02-06T13:54:30Z,1,112.68,0.0,0.0,13.52,Standard,Bangalore,KA
AMZ-596-3707321-7507153,CUST_03968,PROD_684,2025-11-05T15:37:58Z,2,259.37,5.99,0.0,62.25,Expedited,Bangalore,KA
AMZ-329-2986598-5271482,CUST_00590,PROD_895,2026-02-28T21:13:27Z,2,285.46,3.99,0.0,68.51,Standard,Mumbai,MH
AMZ-938-1533541-6729707,CUST_06700,PROD_228,2026-03-26T16:42:07Z,2,206.63,5.99,0.0,49.59,SecondDay,Mumbai,MH
AMZ-295-3412557-9569125,CUST_05925,PROD_930,2025-04-10T17:10:07Z,3,63.66,0.0,0.0,22.92,SecondDay,Delhi,DL
AMZ-335-4241553-4180299,CUST_04945,PROD_847,2025-07-05T21:02:25Z,3,214.57,0.0,0.0,77.25,Standard,New York,NY
AMZ-973-2876955-2123712,CUST_08713,PROD_561,2025-03-01T14:03:59Z,1,227.68,0.0,0.0,27.32,SecondDay,Seattle,WA
AMZ-175-7002394-7673986,CUST_01781,PROD_246,2025-06-07T08:00:43Z,3,33.32,3.99,0.0,12.0,SecondDay,Mumbai,MH
AMZ-684-3524867-8070806,CUST_08886,PROD_268,2026-02-14T13:31:26Z,1,18.78,0.0,0.0,2.25,Standard,Bangalore,KA
AMZ-884-5073467-5565803,CUST_03083,PROD_132,2025-06-03T06:12:53Z,1,30.9,0.0,0.0,3.71,Expedited,New York,NY
AMZ-501-1307908-1483854,CUST_08734,PROD_026,2025-12-11T00:18:39Z,3,45.6,0.0,2.99,16.42,Standard,Bangalore,KA
AMZ-879-5926041-9403847,CUST_00066,PROD_117,2025-08-28T20:37:41Z,3,234.91,0.0,0.0,84.57,SecondDay,Houston,TX
AMZ-476-3904272-2791855,CUST_00840,PROD_160,2025-06-17T10:00:02Z,3,157.55,0.0,0.0,56.72,Standard,Delhi,DL
AMZ-828-4214082-2228191,CUST_06528,PROD_931,2026-04-21T19:19:45Z,1,182.26,0.0,0.0,21.87,SecondDay,New York,NY
AMZ-714-3657544-3484866,CUST_03042,PROD_918,2026-02-20T17:53:44Z,1,178.2,0.0,0.0,21.38,Expedited,Delhi,DL
AMZ-704-4833461-1372509,CUST_09551,PROD_292,2026-04-15T17:29:14Z,3,25.68,5.99,2.99,9.24,Standard,Mumbai,MH
AMZ-655-7711758-2751476,CUST_07667,PROD_175,2025-12-07T19:10:46Z,1,189.84,3.99,0.0,22.78,Standard,New York,NY
AMZ-988-5439044-8467973,CUST_03756,PROD_039,2026-01-25T05:50:54Z,1,15.15,5.99,0.0,1.82,SecondDay,Mumbai,MH
AMZ-799-2844101-1233582,CUST_03010,PROD_958,2025-05-29T23:49:50Z,1,77.39,0.0,0.0,9.29,Standard,Bangalore,KA
AMZ-379-1664184-7739853,CUST_06412,PROD_457,2025-03-06T12:01:46Z,1,57.86,0.0,0.0,6.94,SecondDay,New York,NY
AMZ-435-6646819-2446895,CUST_08273,PROD_674,2025-10-14T23:44:02Z,1,120.93,0.0,0.0,14.51,Expedited,New York,NY
AMZ-338-9535805-4724105,CUST_03137,PROD_142,2026-06-14T09:32:40Z,1,171.69,5.99,0.0,20.6,SecondDay,Delhi,DL
AMZ-389-8061202-5935598,CUST_02329,PROD_079,2025-06-18T11:58:13Z,1,182.6,5.99,0.0,21.91,Standard,Bangalore,KA
AMZ-603-6202232-3759789,CUST_07353,PROD_978,2025-04-22T21:31:57Z,1,208.98,0.0,2.99,25.08,Standard,New York,NY
AMZ-912-6974489-7344926,CUST_05550,PROD_260,2025-04-05T01:19:10Z,3,239.15,0.0,0.0,86.09,Standard,Seattle,WA
AMZ-750-7253744-2646159,CUST_02633,PROD_557,2025-08-04T11:07:10Z,1,193.86,0.0,0.0,23.26,Expedited,Houston,TX
AMZ-113-4636956-1380135,CUST_02323,PROD_390,2026-04-22T00:42:23Z,2,247.5,0.0,0.0,59.4,SecondDay,Delhi,DL
AMZ-520-3359103-1055669,CUST_09224,PROD_378,2025-09-19T13:02:32Z,2,42.34,0.0,0.0,10.16,Expedited,New York,NY
AMZ-513-3044080-4516896,CUST_09689,PROD_736,2026-03-20T02:42:41Z,3,61.92,0.0,0.0,22.29,Standard,Seattle,WA
AMZ-740-2695992-5648960,CUST_01264,PROD_599,2025-12-14T18:26:05Z,1,241.32,5.99,0.0,28.96,SecondDay,New York,NY
AMZ-345-7105488-5139120,CUST_07675,PROD_261,2025-09-27T17:32:10Z,3,58.39,3.99,2.99,21.02,SecondDay,Delhi,DL
AMZ-193-9952705-2923836,CUST_07035,PROD_674,2026-05-17T11:09:50Z,2,120.93,0.0,0.0,29.02,Standard,Houston,TX
AMZ-439-6130272-3371063,CUST_08883,PROD_656,2025-09-11T03:35:48Z,1,166.98,3.99,0.0,20.04,SecondDay,Delhi,DL
AMZ-849-2250844-4002824,CUST_07883,PROD_303,2025-10-24T10:54:05Z,2,207.55,5.99,0.0,49.81,Standard,Bangalore,KA
AMZ-520-9643759-7680131,CUST_04099,PROD_228,2025-07-10T11:08:20Z,1,206.63,0.0,0.0,24.8,Standard,Bangalore,KA
AMZ-448-9583157-7783052,CUST_05940,PROD_888,2025-09-13T12:54:47Z,1,31.07,0.0,2.99,3.73,SecondDay,Mumbai,MH
AMZ-267-4201109-6106434,CUST_09995,PROD_977,2025-04-21T00:15:41Z,3,173.89,0.0,0.0,62.6,Expedited,Seattle,WA
AMZ-106-9892002-5640953,CUST_09103,PROD_814,2025-05-12T13:00:45Z,3,292.35,3.99,2.99,105.25,SecondDay,New York,NY
AMZ-581-7719941-5181093,CUST_07868,PROD_993,2025-03-17T20:21:09Z,1,315.21,5.99,0.0,37.83,SecondDay,Houston,TX
AMZ-155-2668135-9222638,CUST_05277,PROD_766,2025-02-27T00:36:12Z,3,185.31,0.0,0.0,66.71,Expedited,New York,NY
AMZ-717-6751462-7923853,CUST_09842,PROD_985,2025-10-21T12:40:56Z,1,197.6,3.99,2.99,23.71,SecondDay,Seattle,WA
AMZ-231-8692612-6351470,CUST_02240,PROD_035,2025-11-10T20:59:20Z,2,121.2,0.0,0.0,29.09,SecondDay,Bangalore,KA
AMZ-905-8671266-3536076,CUST_01822,PROD_546,2026-02-16T03:09:30Z,3,83.25,0.0,0.0,29.97,Standard,Delhi,DL
AMZ-414-2825176-3814518,CUST_09043,PROD_997,2025-05-11T23:42:50Z,3,148.31,0.0,0.0,53.39,Standard,Bangalore,KA
AMZ-183-5924968-3420240,CUST_01688,PROD_585,2025-10-28T13:41:14Z,2,136.9,0.0,0.0,32.86,Standard,Mumbai,MH
AMZ-272-2703289-8571052,CUST_03341,PROD_391,2026-03-08T10:55:01Z,3,261.91,0.0,0.0,94.29,SecondDay,Houston,TX
AMZ-277-4313351-7264315,CUST_00696,PROD_091,2026-05-30T23:48:05Z,2,319.09,0.0,0.0,76.58,Standard,Seattle,WA
AMZ-873-2953845-4496286,CUST_06584,PROD_153,2025-07-19T15:00:48Z,3,63.94,5.99,0.0,23.02,Standard,Seattle,WA
AMZ-340-4341255-7640508,CUST_08958,PROD_254,2025-09-07T19:09:50Z,3,158.9,3.99,0.0,57.2,SecondDay,Seattle,WA
AMZ-384-4185156-1107308,CUST_07192,PROD_597,2026-04-18T10:34:00Z,2,177.71,5.99,0.0,42.65,Expedited,Seattle,WA
AMZ-122-4104210-6731524,CUST_02941,PROD_408,2025-03-30T17:04:39Z,1,99.4,3.99,0.0,11.93,Expedited,New York,NY
AMZ-358-9478982-4859247,CUST_01302,PROD_599,2025-07-18T18:03:28Z,2,241.32,3.99,0.0,57.92,Expedited,Seattle,WA
AMZ-283-7264423-6046761,CUST_06722,PROD_265,2026-06-09T17:46:05Z,2,93.56,5.99,2.99,22.45,Expedited,New York,NY
AMZ-732-4258684-1332024,CUST_04525,PROD_763,2026-04-27T11:35:23Z,3,167.2,0.0,0.0,60.19,Expedited,Houston,TX
AMZ-448-3318863-4878054,CUST_08934,PROD_387,2025-10-10T14:45:28Z,1,83.57,3.99,0.0,10.03,SecondDay,Delhi,DL
AMZ-675-3288915-2458252,CUST_07854,PROD_347,2025-12-17T05:14:41Z,1,179.18,5.99,0.0,21.5,Expedited,New York,NY
AMZ-953-1030395-2491871,CUST_04320,PROD_456,2025-04-28T19:33:21Z,2,123.57,5.99,2.99,29.66,Expedited,Houston,TX
AMZ-886-4161621-9542715,CUST_06184,PROD_498,2026-05-17T18:23:42Z,2,108.39,3.99,2.99,26.01,SecondDay,New York,NY
AMZ-859-4749621-4727738,CUST_02064,PROD_065,2026-01-05T15:15:37Z,2,35.84,5.99,0.0,8.6,Standard,Seattle,WA
AMZ-506-8640186-7076035,CUST_09432,PROD_255,2026-04-28T11:31:50Z,3,268.59,5.99,0.0,96.69,SecondDay,Houston,TX
AMZ-574-7289782-3356072,CUST_07427,PROD_383,2025-05-15T20:42:05Z,3,55.15,3.99,2.99,19.85,Expedited,Bangalore,KA
AMZ-434-4893753-2548228,CUST_09731,PROD_989,2025-07-05T21:41:59Z,2,169.42,3.99,0.0,40.66,Expedited,Bangalore,KA
AMZ-636-6227404-2346361,CUST_07087,PROD_485,2026-05-04T19:45:14Z,2,107.19,0.0,0.0,25.73,SecondDay,Mumbai,MH
AMZ-662-9945715-8109663,CUST_08441,PROD_543,2025-07-07T13:25:25Z,3,38.04,0.0,2.99,13.69,Expedited,Seattle,WA
AMZ-243-6242872-7957913,CUST_08836,PROD_029,2026-05-24T15:23:24Z,2,215.4,3.99,0.0,51.7,Standard,Seattle,WA
AMZ-525-6538076-3565069,CUST_09780,PROD_864,2025-06-12T06:44:44Z,1,154.55,3.99,0.0,18.55,SecondDay,Delhi,DL
AMZ-783-9417055-8172786,CUST_06992,PROD_637,2026-05-12T08:17:36Z,1,155.27,0.0,0.0,18.63,Standard,Seattle,WA
AMZ-210-4682273-2209153,CUST_08354,PROD_108,2025-02-03T20:29:30Z,1,183.63,5.99,0.0,22.04,Standard,Mumbai,MH
AMZ-763-8828095-4267837,CUST_01658,PROD_474,2025-09-21T22:06:42Z,1,207.31,5.99,2.99,24.88,Expedited,New York,NY
AMZ-457-9890339-8314701,CUST_05616,PROD_229,2026-03-30T11:24:36Z,1,129.8,0.0,0.0,15.58,Standard,New York,NY
AMZ-336-4410203-9272326,CUST_06713,PROD_974,2025-09-25T13:12:07Z,3,96.37,5.99,2.99,34.69,Standard,Houston,TX
AMZ-714-5834814-7602822,CUST_02857,PROD_789,2025-09-22T10:58:28Z,2,112.38,0.0,2.99,26.97,SecondDay,New York,NY
AMZ-545-7438430-5762815,CUST_06511,PROD_740,2026-03-26T22:08:42Z,2,34.59,0.0,0.0,8.3,Expedited,Houston,TX
AMZ-105-9332453-1161694,CUST_06422,PROD_657,2025-10-17T12:43:33Z,1,141.14,0.0,0.0,16.94,SecondDay,Houston,TX
AMZ-744-8902603-4946597,CUST_07167,PROD_997,2026-01-08T11:29:20Z,2,148.31,3.99,0.0,35.59,Expedited,Mumbai,MH
AMZ-864-6047574-8046840,CUST_07689,PROD_354,2025-07-25T21:57:55Z,3,175.36,3.99,2.99,63.13,Expedited,Seattle,WA
AMZ-878-8485248-7756479,CUST_02828,PROD_825,2025-08-25T12:46:55Z,3,106.27,0.0,0.0,38.26,Standard,Mumbai,MH
AMZ-164-2981592-3717158,CUST_06847,PROD_830,2025-11-28T18:02:39Z,2,127.39,5.99,0.0,30.57,Standard,New York,NY
AMZ-356-3983763-9636293,CUST_05007,PROD_604,2025-05-10T06:13:41Z,2,146.71,0.0,0.0,35.21,Standard,Houston,TX
AMZ-176-3212012-6459669,CUST_01001,PROD_466,2026-03-06T10:54:31Z,3,92.68,0.0,0.0,33.36,Standard,New York,NY
AMZ-974-6458299-8514905,CUST_06062,PROD_608,2025-08-22T21:27:45Z,3,36.05,5.99,0.0,12.98,SecondDay,Houston,TX
AMZ-366-5310651-2344447,CUST_04900,PROD_577,2026-04-19T21:16:26Z,1,229.82,5.99,0.0,27.58,SecondDay,Delhi,DL
AMZ-153-6209553-4542071,CUST_00071,PROD_471,2025-05-08T08:53:24Z,1,179.6,0.0,0.0,21.55,Standard,Seattle,WA
AMZ-811-6863139-3681191,CUST_06379,PROD_717,2025-05-06T20:23:41Z,2,39.79,5.99,2.99,9.55,Standard,New York,NY
AMZ-168-4534613-9142003,CUST_02815,PROD_807,2025-10-24T06:59:02Z,3,96.09,3.99,0.0,34.59,SecondDay,Seattle,WA
AMZ-788-6978197-3842431,CUST_06556,PROD_952,2026-06-13T13:19:33Z,3,172.2,5.99,0.0,61.99,SecondDay,Bangalore,KA
AMZ-903-4338666-4014994,CUST_07656,PROD_076,2025-09-13T08:19:51Z,3,270.35,0.0,0.0,97.33,SecondDay,Mumbai,MH
AMZ-406-8587038-5131249,CUST_02902,PROD_295,2025-05-27T12:37:01Z,2,245.12,5.99,0.0,58.83,Standard,Bangalore,KA
AMZ-307-6105926-2054392,CUST_07676,PROD_363,2026-03-28T17:25:27Z,2,99.54,3.99,0.0,23.89,Expedited,Mumbai,MH
AMZ-409-3612314-8847724,CUST_06281,PROD_853,2025-03-23T00:47:39Z,2,59.33,0.0,0.0,14.24,Expedited,Houston,TX
AMZ-403-7095225-6647496,CUST_08993,PROD_997,2025-10-26T21:47:40Z,2,148.31,5.99,2.99,35.59,Standard,Houston,TX
AMZ-564-4326507-9308542,CUST_01221,PROD_022,2025-06-22T13:36:01Z,2,229.55,5.99,2.99,55.09,Standard,New York,NY
AMZ-936-4234834-8939458,CUST_06640,PROD_802,2026-03-13T16:04:57Z,3,211.78,0.0,0.0,76.24,Expedited,Houston,TX
AMZ-428-4677609-8810480,CUST_07783,PROD_230,2025-04-22T17:46:49Z,1,65.35,3.99,0.0,7.84,Expedited,Mumbai,MH
AMZ-101-3236545-8557908,CUST_05476,PROD_269,2025-09-17T15:57:50Z,1,186.89,3.99,2.99,22.43,Expedited,Seattle,WA
AMZ-724-7818857-5373220,CUST_09350,PROD_961,2025-04-17T18:44:01Z,2,79.07,5.99,0.0,18.98,Expedited,New York,NY
AMZ-776-3142068-3996977,CUST_01048,PROD_331,2025-12-10T02:46:22Z,1,49.56,3.99,0.0,5.95,SecondDay,Delhi,DL
AMZ-448-4153738-7792278,CUST_06187,PROD_883,2025-06-03T00:34:21Z,1,61.03,5.99,0.0,7.32,Expedited,Bangalore,KA
AMZ-789-9941605-2901676,CUST_09051,PROD_836,2025-06-14T07:58:57Z,1,15.49,5.99,0.0,1.86,Expedited,Mumbai,MH
AMZ-807-8113103-2029874,CUST_06193,PROD_187,2026-03-01T16:39:15Z,1,171.29,0.0,0.0,20.55,Standard,New York,NY
AMZ-358-6201514-6549171,CUST_00319,PROD_120,2026-01-08T18:31:12Z,2,122.06,0.0,0.0,29.29,SecondDay,Delhi,DL
AMZ-241-3379024-8521548,CUST_06835,PROD_679,2025-12-17T03:25:23Z,2,121.84,3.99,0.0,29.24,Standard,New York,NY
AMZ-735-5266806-9293108,CUST_09915,PROD_074,2025-06-01T09:12:50Z,1,37.44,3.99,0.0,4.49,Standard,Delhi,DL
AMZ-829-8512993-2776337,CUST_01344,PROD_562,2026-01-09T20:19:24Z,2,185.65,0.0,0.0,44.56,Expedited,Houston,TX
AMZ-358-6680384-9563068,CUST_04142,PROD_236,2025-12-13T07:57:49Z,2,23.77,3.99,0.0,5.7,SecondDay,Delhi,DL
AMZ-327-3323156-4835399,CUST_06179,PROD_542,2025-12-24T11:11:42Z,3,116.94,5.99,0.0,42.1,Standard,Seattle,WA
AMZ-937-1205714-6252154,CUST_00267,PROD_058,2025-12-23T16:59:02Z,2,186.36,0.0,0.0,44.73,SecondDay,Bangalore,KA
AMZ-983-7443571-8837646,CUST_00358,PROD_253,2025-12-03T16:40:20Z,3,186.19,0.0,2.99,67.03,Standard,New York,NY
AMZ-697-6835242-9518710,CUST_07301,PROD_530,2025-02-09T23:13:21Z,2,15.69,0.0,2.99,3.77,Expedited,Mumbai,MH
AMZ-634-8116067-4302549,CUST_00381,PROD_198,2025-10-26T23:21:56Z,1,10.19,0.0,2.99,1.22,Standard,Delhi,DL
AMZ-400-6819415-7066108,CUST_06300,PROD_475,2025-04-09T19:24:33Z,2,123.94,0.0,2.99,29.75,Standard,New York,NY
AMZ-395-4892910-6789104,CUST_08502,PROD_010,2025-05-20T18:13:53Z,2,232.16,5.99,0.0,55.72,Standard,Bangalore,KA
AMZ-219-6020654-5297356,CUST_09046,PROD_237,2026-05-28T14:07:21Z,3,37.47,0.0,2.99,13.49,Expedited,Houston,TX
AMZ-594-4168321-1138659,CUST_02033,PROD_993,2025-12-30T02:48:13Z,2,315.21,3.99,0.0,75.65,Standard,Seattle,WA
AMZ-608-2410496-4143743,CUST_09043,PROD_994,2026-05-09T13:41:03Z,1,100.48,0.0,0.0,12.06,Expedited,Bangalore,KA
AMZ-872-9416376-2197919,CUST_02421,PROD_828,2026-04-13T14:19:44Z,1,206.45,3.99,0.0,24.77,SecondDay,Mumbai,MH
AMZ-536-7072375-4591405,CUST_06281,PROD_007,2026-04-28T15:45:49Z,3,189.45,0.0,2.99,68.2,Standard,Bangalore,KA
AMZ-455-9438458-9625437,CUST_03462,PROD_149,2025-02-27T09:22:09Z,2,61.86,3.99,0.0,14.85,SecondDay,Delhi,DL
AMZ-329-3104810-9850201,CUST_00398,PROD_406,2025-07-30T02:18:42Z,1,227.84,3.99,0.0,27.34,SecondDay,Seattle,WA
AMZ-200-7310643-4556552,CUST_04364,PROD_652,2026-03-01T21:12:50Z,1,37.33,5.99,0.0,4.48,Standard,Mumbai,MH
AMZ-633-9042563-6148988,CUST_03297,PROD_209,2026-02-04T16:38:02Z,1,181.71,5.99,0.0,21.81,Standard,Houston,TX
AMZ-369-5834084-1474708,CUST_03114,PROD_092,2025-03-17T16:35:14Z,3,235.82,0.0,2.99,84.9,SecondDay,Mumbai,MH
AMZ-968-3927467-9383850,CUST_09647,PROD_235,2025-10-21T19:54:07Z,3,130.6,3.99,2.99,47.02,Expedited,Seattle,WA
AMZ-410-8072742-3641525,CUST_00948,PROD_686,2026-04-18T09:26:34Z,3,97.98,5.99,0.0,35.27,SecondDay,Mumbai,MH
AMZ-838-2694874-5077028,CUST_03465,PROD_988,2025-11-09T03:26:24Z,2,124.21,0.0,0.0,29.81,Standard,New York,NY
AMZ-494-4980448-8249982,CUST_07831,PROD_354,2025-09-18T11:34:48Z,1,175.36,0.0,0.0,21.04,Standard,Houston,TX
AMZ-750-6089862-7672266,CUST_03969,PROD_613,2026-01-14T08:56:52Z,1,225.07,3.99,0.0,27.01,Expedited,Houston,TX
AMZ-725-8900865-6731220,CUST_06421,PROD_395,2025-12-05T09:29:36Z,2,155.5,5.99,2.99,37.32,Standard,New York,NY
AMZ-675-1674839-2914894,CUST_07609,PROD_717,2025-06-11T17:46:28Z,2,39.79,5.99,0.0,9.55,Expedited,Houston,TX
AMZ-908-6092077-3170508,CUST_01716,PROD_529,2025-11-03T18:20:05Z,1,34.24,0.0,0.0,4.11,SecondDay,Mumbai,MH
AMZ-228-7387254-4635400,CUST_00530,PROD_494,2025-07-10T06:44:09Z,1,173.21,0.0,0.0,20.79,SecondDay,Houston,TX
AMZ-379-3487035-9176208,CUST_00464,PROD_104,2026-05-20T15:43:58Z,1,27.37,5.99,0.0,3.28,Standard,Bangalore,KA
AMZ-488-2540010-5359969,CUST_07301,PROD_665,2026-03-18T22:45:22Z,2,285.3,3.99,0.0,68.47,Expedited,Mumbai,MH
AMZ-743-9836775-9418446,CUST_01759,PROD_130,2026-02-08T13:55:08Z,2,60.55,0.0,0.0,14.53,Standard,Seattle,WA
AMZ-647-6975734-6289974,CUST_06694,PROD_748,2026-04-09T07:13:41Z,1,39.63,5.99,0.0,4.76,SecondDay,Seattle,WA
AMZ-164-5662338-2645137,CUST_04199,PROD_482,2025-06-30T18:28:18Z,3,181.18,0.0,0.0,65.22,Standard,Seattle,WA
AMZ-673-4346177-7948487,CUST_01848,PROD_961,2025-03-14T07:24:51Z,1,79.07,3.99,0.0,9.49,Standard,New York,NY
AMZ-839-4241242-5898152,CUST_05814,PROD_369,2026-01-23T17:33:05Z,1,9.86,0.0,0.0,1.18,Standard,Bangalore,KA
AMZ-914-6048490-6049866,CUST_09084,PROD_626,2026-03-12T17:48:46Z,3,84.85,0.0,0.0,30.55,Expedited,Mumbai,MH
AMZ-716-4547870-5773878,CUST_09587,PROD_976,2025-12-04T08:56:41Z,3,93.66,5.99,0.0,33.72,Standard,Mumbai,MH
AMZ-555-5066151-7086600,CUST_01134,PROD_1000,2025-02-06T22:07:54Z,2,150.42,5.99,2.99,36.1,Standard,Houston,TX
AMZ-779-6252994-2332517,CUST_06785,PROD_371,2025-06-26T11:40:34Z,3,40.62,5.99,0.0,14.62,SecondDay,Houston,TX
AMZ-304-9769961-7366646,CUST_04874,PROD_551,2025-10-18T04:45:43Z,1,58.8,0.0,0.0,7.06,Standard,Houston,TX
AMZ-452-3102490-7680018,CUST_01489,PROD_528,2025-02-15T01:26:30Z,2,191.96,3.99,0.0,46.07,Expedited,Delhi,DL
AMZ-406-2703049-2549884,CUST_01832,PROD_546,2026-05-13T15:16:43Z,2,83.25,3.99,0.0,19.98,Expedited,Seattle,WA
AMZ-734-5790697-3383603,CUST_07408,PROD_818,2026-05-31T20:16:00Z,3,89.21,5.99,2.99,32.12,SecondDay,Delhi,DL
AMZ-337-4949724-4350013,CUST_02410,PROD_975,2026-06-15T04:32:20Z,3,46.81,5.99,0.0,16.85,Standard,Mumbai,MH
AMZ-714-6655249-5485133,CUST_01308,PROD_125,2026-03-31T07:36:57Z,3,223.58,3.99,0.0,80.49,SecondDay,New York,NY
AMZ-239-7126546-7064767,CUST_08504,PROD_688,2025-10-20T20:24:51Z,3,256.51,5.99,0.0,92.34,Standard,Houston,TX
AMZ-191-5325072-8872068,CUST_09021,PROD_915,2026-05-02T08:53:47Z,3,179.22,5.99,0.0,64.52,Standard,Delhi,DL
AMZ-984-1503077-9029009,CUST_08928,PROD_006,2026-03-17T02:32:24Z,2,139.92,3.99,0.0,33.58,SecondDay,Mumbai,MH
AMZ-553-3055418-6710243,CUST_06087,PROD_188,2025-04-28T16:06:50Z,3,255.01,5.99,0.0,91.8,Expedited,Mumbai,MH
AMZ-190-2189671-8700420,CUST_06897,PROD_704,2025-12-05T03:34:03Z,2,176.51,0.0,0.0,42.36,Expedited,Mumbai,MH
AMZ-498-5078027-3175415,CUST_00804,PROD_698,2025-04-23T03:33:45Z,2,46.34,0.0,2.99,11.12,SecondDay,Mumbai,MH
AMZ-646-1865073-8267790,CUST_05987,PROD_615,2025-08-03T00:23:38Z,2,215.75,3.99,2.99,51.78,Standard,Mumbai,MH
AMZ-684-4827102-8381748,CUST_02061,PROD_965,2025-04-18T04:41:22Z,1,237.77,0.0,0.0,28.53,Expedited,Bangalore,KA
AMZ-266-7504651-3379411,CUST_07021,PROD_939,2025-12-08T02:51:51Z,2,241.5,5.99,0.0,57.96,Standard,Delhi,DL
AMZ-445-5594941-8524198,CUST_06987,PROD_836,2025-11-18T08:41:15Z,1,15.49,3.99,0.0,1.86,Expedited,Delhi,DL
AMZ-979-1843971-6929050,CUST_09561,PROD_577,2025-10-11T02:41:39Z,1,229.82,0.0,0.0,27.58,Expedited,Houston,TX
AMZ-373-9676104-1003250,CUST_02390,PROD_943,2025-10-26T08:43:29Z,1,157.86,0.0,0.0,18.94,Standard,Seattle,WA
AMZ-141-7048246-7975201,CUST_07618,PROD_559,2025-06-02T14:22:25Z,3,221.9,0.0,0.0,79.88,Standard,New York,NY
AMZ-399-5629953-8841325,CUST_01964,PROD_788,2026-02-02T13:08:36Z,3,161.35,3.99,0.0,58.09,SecondDay,New York,NY
AMZ-672-7846833-4742919,CUST_00462,PROD_613,2025-09-15T23:54:10Z,1,225.07,3.99,0.0,27.01,Standard,New York,NY
AMZ-589-9723199-2693960,CUST_09657,PROD_543,2026-01-12T16:49:09Z,1,38.04,0.0,2.99,4.56,SecondDay,Seattle,WA
AMZ-190-4703676-2528485,CUST_03564,PROD_527,2025-03-19T12:10:57Z,1,105.97,3.99,0.0,12.72,Standard,New York,NY
AMZ-455-6968189-4996858,CUST_06671,PROD_138,2026-02-01T15:16:13Z,1,169.43,3.99,0.0,20.33,Standard,Houston,TX
AMZ-340-7507007-5384091,CUST_08843,PROD_075,2025-05-28T05:35:59Z,3,126.56,0.0,0.0,45.56,Expedited,Mumbai,MH
AMZ-552-8019130-4700775,CUST_09608,PROD_899,2025-07-23T09:45:44Z,2,15.22,3.99,0.0,3.65,SecondDay,New York,NY
AMZ-100-9876956-5966748,CUST_07983,PROD_967,2026-01-30T18:00:14Z,3,169.55,3.99,0.0,61.04,Expedited,Mumbai,MH
AMZ-249-5245002-6748439,CUST_08534,PROD_627,2025-02-21T07:42:30Z,1,19.78,0.0,2.99,2.37,Standard,Seattle,WA
AMZ-609-4826914-6839625,CUST_02187,PROD_518,2025-10-08T03:50:30Z,2,107.25,3.99,2.99,25.74,Standard,Houston,TX
AMZ-404-4034260-6693419,CUST_09399,PROD_231,2025-08-19T04:15:44Z,1,185.47,5.99,0.0,22.26,Expedited,Houston,TX
AMZ-548-3937469-2236698,CUST_08049,PROD_895,2026-03-19T21:52:44Z,1,285.46,0.0,2.99,34.26,Expedited,Bangalore,KA
AMZ-260-1185090-8472855,CUST_06071,PROD_571,2026-03-24T14:39:53Z,3,209.5,0.0,0.0,75.42,SecondDay,Bangalore,KA
AMZ-138-8512930-6935591,CUST_05014,PROD_914,2025-12-08T12:06:17Z,2,61.6,0.0,0.0,14.78,SecondDay,Mumbai,MH
AMZ-284-4134577-2662855,CUST_06341,PROD_357,2025-08-04T14:02:25Z,2,65.79,5.99,0.0,15.79,Standard,Houston,TX
AMZ-891-5365395-7956300,CUST_09939,PROD_046,2025-08-31T21:44:03Z,2,174.01,3.99,2.99,41.76,Standard,Delhi,DL
AMZ-660-6392369-8129308,CUST_09222,PROD_068,2025-04-10T07:18:35Z,1,77.71,5.99,0.0,9.33,Standard,Bangalore,KA
AMZ-316-2828586-2988360,CUST_07484,PROD_021,2025-05-06T10:03:58Z,2,72.48,0.0,2.99,17.4,Standard,Houston,TX
AMZ-279-4755498-5771820,CUST_06038,PROD_493,2026-01-27T19:31:14Z,2,92.7,0.0,0.0,22.25,Standard,Delhi,DL
AMZ-287-2734317-7597568,CUST_00342,PROD_993,2025-06-10T12:26:13Z,1,315.21,3.99,2.99,37.83,SecondDay,Delhi,DL
AMZ-358-8320195-4956427,CUST_03108,PROD_459,2026-03-04T02:24:27Z,2,160.83,5.99,0.0,38.6,SecondDay,Delhi,DL
AMZ-388-3041813-3961797,CUST_02949,PROD_986,2025-10-12T21:22:09Z,1,71.76,5.99,0.0,8.61,SecondDay,Bangalore,KA
AMZ-757-2185078-2860604,CUST_08497,PROD_868,2026-06-12T14:37:23Z,3,203.35,0.0,0.0,73.21,Expedited,Houston,TX
AMZ-363-8331725-2020181,CUST_07395,PROD_640,2025-04-25T15:54:52Z,1,173.6,3.99,0.0,20.83,Standard,Bangalore,KA
AMZ-532-4642386-9912720,CUST_07989,PROD_875,2025-09-16T01:43:35Z,2,200.16,5.99,0.0,48.04,SecondDay,New York,NY
AMZ-632-3632825-6478404,CUST_09181,PROD_417,2026-05-12T13:37:36Z,1,168.48,5.99,2.99,20.22,Expedited,Houston,TX
AMZ-660-5712956-5729775,CUST_06041,PROD_362,2025-05-27T18:46:51Z,1,181.73,0.0,0.0,21.81,SecondDay,Seattle,WA
AMZ-508-7242508-3192086,CUST_08284,PROD_038,2026-04-06T08:24:20Z,1,179.32,0.0,0.0,21.52,Expedited,Houston,TX
AMZ-560-5427319-8719716,CUST_04442,PROD_475,2026-02-12T00:09:42Z,2,123.94,0.0,2.99,29.75,Standard,New York,NY
AMZ-614-6585534-2721551,CUST_05533,PROD_661,2026-02-11T08:13:03Z,1,224.34,0.0,0.0,26.92,Standard,New York,NY
AMZ-479-7266246-5545752,CUST_08784,PROD_406,2025-11-09T05:43:58Z,1,227.84,5.99,2.99,27.34,Standard,Seattle,WA
AMZ-447-6381637-1396210,CUST_05341,PROD_505,2026-05-14T04:37:33Z,1,187.68,5.99,0.0,22.52,Standard,Mumbai,MH
AMZ-635-8161985-7559355,CUST_02921,PROD_528,2026-06-04T18:03:28Z,1,191.96,0.0,0.0,23.04,SecondDay,Bangalore,KA
AMZ-929-4348840-5005957,CUST_08735,PROD_437,2026-03-18T23:35:34Z,1,239.14,0.0,2.99,28.7,Expedited,New York,NY
AMZ-895-3172058-5997101,CUST_06865,PROD_691,2025-02-18T04:51:06Z,3,26.33,0.0,0.0,9.48,Expedited,Bangalore,KA
AMZ-943-5583221-4408157,CUST_05210,PROD_613,2026-02-08T23:31:43Z,2,225.07,3.99,2.99,54.02,Expedited,Houston,TX
AMZ-778-4841495-3611414,CUST_02793,PROD_573,2026-04-14T17:16:22Z,3,8.55,3.99,0.0,3.08,Expedited,Mumbai,MH
AMZ-949-5512684-1626285,CUST_07094,PROD_280,2026-01-07T13:44:24Z,2,33.15,3.99,0.0,7.96,Standard,New York,NY
AMZ-380-2412611-9273060,CUST_05414,PROD_519,2025-03-16T00:27:24Z,2,15.43,5.99,0.0,3.7,Standard,Houston,TX
AMZ-437-5815069-1728780,CUST_04855,PROD_919,2025-08-15T14:48:32Z,3,95.77,5.99,0.0,34.48,SecondDay,Houston,TX
AMZ-651-8287075-7234838,CUST_00715,PROD_234,2025-12-29T19:59:39Z,3,90.09,5.99,0.0,32.43,Standard,New York,NY
AMZ-393-7618553-4532627,CUST_02834,PROD_954,2026-01-26T08:09:58Z,1,212.35,0.0,2.99,25.48,Standard,Mumbai,MH
AMZ-508-6587267-1003833,CUST_00960,PROD_167,2025-03-27T08:23:59Z,1,84.95,0.0,2.99,10.19,Expedited,Houston,TX
AMZ-768-2344551-1095181,CUST_04604,PROD_444,2025-04-21T00:14:15Z,3,18.38,0.0,0.0,6.62,Standard,Mumbai,MH
AMZ-240-1751286-4898215,CUST_04640,PROD_983,2026-04-21T11:39:14Z,2,148.23,0.0,0.0,35.58,SecondDay,Houston,TX
AMZ-518-5201839-8662317,CUST_07019,PROD_513,2025-05-13T09:11:44Z,1,84.88,3.99,0.0,10.19,Standard,Mumbai,MH
AMZ-217-3854415-5250756,CUST_06464,PROD_733,2025-12-16T23:40:44Z,2,105.19,3.99,0.0,25.25,Expedited,New York,NY
AMZ-840-3238856-6923590,CUST_08222,PROD_213,2025-02-02T00:43:59Z,2,88.72,3.99,0.0,21.29,SecondDay,Bangalore,KA
AMZ-816-7793910-1559166,CUST_03308,PROD_155,2026-01-27T07:18:53Z,2,103.59,5.99,0.0,24.86,Expedited,Mumbai,MH
AMZ-895-2655677-9770198,CUST_02619,PROD_846,2025-08-23T22:38:25Z,1,312.23,5.99,0.0,37.47,SecondDay,Seattle,WA
AMZ-883-5277150-8373885,CUST_00277,PROD_273,2025-04-19T02:14:53Z,3,28.46,3.99,2.99,10.25,Expedited,Delhi,DL
AMZ-833-6827828-6751881,CUST_08630,PROD_217,2026-01-28T09:14:38Z,3,91.24,3.99,0.0,32.85,Expedited,New York,NY
AMZ-338-9614796-2435329,CUST_02226,PROD_902,2025-02-06T17:25:32Z,3,185.76,0.0,0.0,66.87,Expedited,Delhi,DL
AMZ-960-6668440-6298161,CUST_01632,PROD_158,2025-12-29T13:30:24Z,3,119.43,0.0,0.0,42.99,SecondDay,Seattle,WA
AMZ-567-3892440-4482574,CUST_04380,PROD_206,2026-03-13T13:56:42Z,2,72.45,5.99,0.0,17.39,Standard,Seattle,WA
AMZ-536-1866460-3407221,CUST_08653,PROD_485,2025-07-14T08:15:04Z,1,107.19,5.99,0.0,12.86,Standard,Delhi,DL
AMZ-692-7708219-4713794,CUST_08594,PROD_134,2025-06-05T05:19:25Z,2,140.17,5.99,0.0,33.64,Standard,Bangalore,KA
AMZ-115-1160956-3063854,CUST_05350,PROD_484,2026-06-04T14:26:02Z,2,186.1,0.0,0.0,44.66,Standard,Bangalore,KA
AMZ-381-9008660-8063281,CUST_07743,PROD_976,2025-07-02T06:51:13Z,1,93.66,3.99,2.99,11.24,Standard,Bangalore,KA
AMZ-706-7777379-6771975,CUST_07336,PROD_950,2025-02-21T10:30:12Z,2,115.42,0.0,0.0,27.7,Expedited,Delhi,DL
AMZ-654-5327167-6572395,CUST_07411,PROD_610,2025-08-29T08:38:40Z,2,159.27,5.99,0.0,38.22,SecondDay,Bangalore,KA
AMZ-340-9513717-5179745,CUST_05083,PROD_344,2026-03-23T08:27:48Z,1,145.97,3.99,0.0,17.52,Expedited,Delhi,DL
AMZ-558-3460775-3203180,CUST_01782,PROD_634,2026-02-27T14:46:28Z,1,77.46,3.99,2.99,9.3,Standard,Delhi,DL
AMZ-247-9636982-6908847,CUST_08908,PROD_752,2026-06-01T06:42:59Z,2,187.06,0.0,2.99,44.89,Expedited,Bangalore,KA
AMZ-193-5759135-7150056,CUST_03828,PROD_340,2025-08-31T01:10:54Z,1,303.66,0.0,0.0,36.44,Expedited,Delhi,DL
AMZ-400-4761775-5596290,CUST_08686,PROD_719,2025-02-03T12:51:48Z,3,200.44,0.0,0.0,72.16,SecondDay,Mumbai,MH
AMZ-864-4174747-5746585,CUST_04239,PROD_958,2025-02-10T05:09:29Z,3,77.39,5.99,0.0,27.86,Expedited,New York,NY
